new_base_index,base_name,source_base_name,scene_id,tx_index,crop_x,crop_y,crop_size,source_crop_x,source_crop_y,source_crop_size,crop_offset_x,crop_offset_y,tx_local_image_x,tx_local_image_y,tx_edge_margin,building_ratio,non_building_ratio,center_building_ratio,inner_building_ratio,edge_building_share,occupied_quadrants,occupied_5x5_cells,significant_components,internal_components,largest_component_fraction,selection_score
0,scene0_tx51_x3_y20_s100,scene0_tx51_x2_y17_s128,0,51,3,20,100,2,17,128,1,3,83,60,16,0.259500,0.740500,0.314167,0.334141,0.256262,4,19,11,6,0.173796,5.092069
1,scene102_tx60_x30_y22_s100,scene102_tx60_x30_y9_s128,102,60,30,22,100,30,9,128,0,13,29,68,16,0.251600,0.748400,0.329444,0.280125,0.356916,4,19,4,1,0.426073,4.082902
2,scene103_tx29_x35_y56_s100,scene103_tx29_x9_y47_s128,103,29,35,56,100,9,47,128,26,9,52,31,16,0.146700,0.853300,0.204444,0.154952,0.389911,3,13,5,2,0.417860,4.066556
3,scene103_tx33_x58_y66_s100,scene103_tx33_x30_y51_s128,103,33,58,66,100,30,51,128,28,15,27,50,16,0.236600,0.763400,0.386111,0.348165,0.150042,4,16,4,2,0.474218,4.682486
4,scene103_tx35_x63_y60_s100,scene103_tx35_x45_y34_s128,103,35,63,60,100,45,34,128,18,26,41,41,16,0.240700,0.759300,0.440000,0.377078,0.095139,4,14,5,3,0.466140,5.222307
5,scene103_tx5_x81_y75_s100,scene103_tx5_x56_y56_s128,103,5,81,75,100,56,56,128,25,19,50,79,16,0.259500,0.740500,0.443056,0.372057,0.171869,4,17,7,3,0.432370,5.072624
6,scene104_tx19_x37_y128_s100,scene104_tx19_x21_y128_s128,104,19,37,128,100,21,128,128,16,0,73,46,16,0.256400,0.743600,0.436667,0.311461,0.298362,4,15,2,1,0.613105,3.760838
7,scene106_tx1_x71_y42_s100,scene106_tx1_x50_y30_s128,106,1,71,42,100,50,30,128,21,12,79,41,16,0.258300,0.741700,0.308056,0.273373,0.388695,3,17,9,2,0.329075,4.366732
8,scene106_tx44_x67_y47_s100,scene106_tx44_x39_y46_s128,106,44,67,47,100,39,46,128,28,1,80,69,16,0.222900,0.777100,0.291111,0.253636,0.342755,3,17,8,2,0.381337,4.286825
9,scene107_tx11_x46_y88_s100,scene107_tx11_x39_y85_s128,107,11,46,88,100,39,85,128,7,3,37,16,16,0.258900,0.741100,0.261944,0.302805,0.324450,4,22,8,3,0.455388,4.724811
10,scene107_tx16_x61_y124_s100,scene107_tx16_x53_y103_s128,107,16,61,124,100,53,103,128,8,21,63,58,16,0.235200,0.764800,0.403056,0.340893,0.162840,4,20,6,3,0.501276,5.085444
11,scene107_tx21_x139_y123_s100,scene107_tx21_x126_y100_s128,107,21,139,123,100,126,100,128,13,23,34,63,16,0.189900,0.810100,0.293611,0.274584,0.164824,4,15,4,2,0.339126,4.738332
12,scene107_tx23_x67_y92_s100,scene107_tx23_x67_y70_s128,107,23,67,92,100,67,70,128,0,22,71,25,16,0.223100,0.776900,0.305000,0.311115,0.194532,4,23,6,3,0.528463,4.822946
13,scene107_tx57_x68_y30_s100,scene107_tx57_x66_y30_s128,107,57,68,30,100,66,30,128,2,0,37,31,16,0.188000,0.812000,0.261111,0.263158,0.191489,4,22,7,3,0.284574,5.158096
14,scene107_tx73_x68_y68_s100,scene107_tx73_x43_y68_s128,107,73,68,68,100,43,68,128,25,0,72,30,16,0.234100,0.765900,0.206667,0.244806,0.395985,4,22,7,2,0.234942,4.610704
15,scene107_tx9_x45_y96_s100,scene107_tx9_x25_y68_s128,107,9,45,96,100,25,68,128,20,28,19,81,16,0.250400,0.749600,0.356667,0.327909,0.243610,4,23,8,3,0.470847,4.687906
16,scene109_tx30_x26_y121_s100,scene109_tx30_x22_y109_s128,109,30,26,121,100,22,109,128,4,12,50,80,16,0.259100,0.740900,0.406111,0.359072,0.199537,4,16,4,1,0.514087,4.264544
17,scene109_tx51_x134_y113_s100,scene109_tx51_x123_y113_s128,109,51,134,113,100,123,113,128,11,0,51,19,16,0.235300,0.764700,0.441944,0.385215,0.054399,4,17,3,2,0.543136,4.503232
18,scene109_tx63_x47_y36_s100,scene109_tx63_x22_y18_s128,109,63,47,36,100,22,18,128,25,18,55,50,16,0.214300,0.785700,0.388056,0.310596,0.162856,4,15,4,2,0.295380,4.972064
19,scene109_tx6_x45_y106_s100,scene109_tx6_x28_y78_s128,109,6,45,106,100,28,78,128,17,28,75,70,16,0.207600,0.792400,0.288333,0.245152,0.317919,4,17,5,1,0.641618,4.047707
20,scene110_tx19_x59_y67_s100,scene110_tx19_x48_y59_s128,110,19,59,67,100,48,59,128,11,8,17,74,16,0.259000,0.741000,0.445833,0.370325,0.174131,4,16,6,3,0.410811,4.865313
21,scene111_tx44_x77_y113_s100,scene111_tx44_x66_y113_s128,111,44,77,113,100,66,113,128,11,0,19,40,16,0.121700,0.878300,0.166944,0.174342,0.172555,3,11,8,5,0.151191,4.473429
22,scene111_tx7_x107_y82_s100,scene111_tx7_x91_y60_s128,111,7,107,82,100,91,60,128,16,22,53,42,16,0.184600,0.815400,0.198889,0.208102,0.348862,4,18,13,6,0.097508,5.232935
23,scene112_tx36_x120_y114_s100,scene112_tx36_x108_y96_s128,112,36,120,114,100,108,96,128,12,18,52,49,16,0.206500,0.793500,0.331389,0.274584,0.231961,4,16,12,6,0.271671,5.353143
24,scene112_tx71_x119_y88_s100,scene112_tx71_x95_y73_s128,112,71,119,88,100,95,73,128,24,15,65,53,16,0.236100,0.763900,0.207500,0.245325,0.399831,4,19,14,6,0.199492,5.096661
25,scene113_tx23_x117_y88_s100,scene113_tx23_x95_y80_s128,113,23,117,88,100,95,80,128,22,8,26,50,16,0.253900,0.746100,0.251944,0.274411,0.375738,4,18,9,2,0.256006,4.760041
26,scene113_tx27_x136_y90_s100,scene113_tx27_x110_y73_s128,113,27,136,90,100,110,73,128,26,17,50,25,16,0.175200,0.824800,0.339167,0.268006,0.116438,4,13,3,2,0.371005,4.639703
27,scene113_tx31_x77_y119_s100,scene113_tx31_x49_y110_s128,113,31,77,119,100,49,110,128,28,9,72,36,16,0.257900,0.742100,0.300278,0.283587,0.364870,4,18,14,8,0.249321,4.949767
28,scene113_tx39_x99_y53_s100,scene113_tx39_x99_y44_s128,113,39,99,53,100,99,44,128,0,9,66,18,16,0.202500,0.797500,0.250278,0.241517,0.311111,4,19,9,5,0.354074,4.824000
29,scene113_tx51_x109_y118_s100,scene113_tx51_x101_y97_s128,113,51,109,118,100,101,97,128,8,21,44,50,16,0.225600,0.774400,0.244444,0.258483,0.338209,4,17,9,4,0.288121,5.186840
30,scene113_tx70_x95_y33_s100,scene113_tx70_x76_y8_s128,113,70,95,33,100,76,8,128,19,25,49,27,16,0.188400,0.811600,0.209722,0.229398,0.296709,4,18,9,3,0.380573,5.009433
31,scene113_tx76_x99_y58_s100,scene113_tx76_x89_y51_s128,113,76,99,58,100,89,51,128,10,7,78,51,16,0.222600,0.777400,0.246389,0.257964,0.330638,4,20,10,5,0.322102,4.981342
32,scene114_tx35_x84_y112_s100,scene114_tx35_x62_y89_s128,114,35,84,112,100,62,89,128,22,23,16,82,16,0.177800,0.822200,0.207500,0.239958,0.220472,4,14,5,2,0.515186,4.377099
33,scene114_tx64_x55_y109_s100,scene114_tx64_x44_y108_s128,114,64,55,109,100,44,108,128,11,1,43,83,16,0.161300,0.838700,0.182222,0.171918,0.384377,4,14,7,1,0.350279,3.883455
34,scene114_tx9_x84_y86_s100,scene114_tx9_x60_y84_s128,114,9,84,86,100,60,84,128,24,2,50,23,16,0.225200,0.774800,0.222222,0.276316,0.291297,4,18,8,2,0.382327,4.723683
35,scene115_tx24_x97_y70_s100,scene115_tx24_x97_y47_s128,115,24,97,70,100,97,47,128,0,23,73,44,16,0.167400,0.832600,0.189722,0.183691,0.366189,4,17,6,2,0.314217,4.409118
36,scene115_tx33_x82_y97_s100,scene115_tx33_x61_y69_s128,115,33,82,97,100,61,69,128,21,28,58,52,16,0.195700,0.804300,0.204722,0.221434,0.346449,4,18,7,4,0.194686,5.229044
37,scene115_tx35_x102_y101_s100,scene115_tx35_x74_y73_s128,115,35,102,101,100,74,73,128,28,28,77,52,16,0.139900,0.860100,0.226389,0.193040,0.203002,4,13,6,4,0.253753,5.048966
38,scene115_tx58_x122_y97_s100,scene115_tx58_x122_y86_s128,115,58,122,97,100,122,86,128,0,11,39,20,16,0.120700,0.879300,0.117778,0.140755,0.326429,4,9,6,3,0.294118,3.682777
39,scene115_tx59_x117_y108_s100,scene115_tx59_x117_y106_s128,115,59,117,108,100,117,106,128,0,2,73,65,16,0.122800,0.877200,0.134167,0.157375,0.259772,4,16,6,4,0.289088,4.221672
40,scene115_tx66_x66_y43_s100,scene115_tx66_x41_y15_s128,115,66,66,43,100,41,15,128,25,28,50,37,16,0.193700,0.806300,0.285000,0.317175,0.054208,4,16,5,4,0.404750,5.366676
41,scene115_tx67_x60_y104_s100,scene115_tx67_x60_y76_s128,115,67,60,104,100,60,76,128,0,28,26,75,16,0.125200,0.874800,0.271111,0.216759,0.000000,4,14,4,4,0.304313,5.056440
42,scene115_tx71_x108_y104_s100,scene115_tx71_x96_y92_s128,115,71,108,104,100,96,92,128,12,12,80,60,16,0.121400,0.878600,0.213056,0.185769,0.116145,4,13,5,4,0.292422,4.990730
43,scene116_tx20_x37_y134_s100,scene116_tx20_x35_y106_s128,116,20,37,134,100,35,106,128,2,28,16,32,16,0.168700,0.831300,0.236111,0.215028,0.263782,4,17,4,2,0.430350,4.326359
44,scene116_tx38_x58_y97_s100,scene116_tx38_x58_y73_s128,116,38,58,97,100,58,73,128,0,24,71,66,16,0.150200,0.849800,0.148056,0.160492,0.382823,4,16,5,1,0.483356,3.488057
45,scene116_tx8_x40_y100_s100,scene116_tx8_x28_y82_s128,116,8,40,100,100,28,82,128,12,18,50,83,16,0.152500,0.847500,0.184444,0.181267,0.313443,4,12,5,1,0.476066,3.977918
46,scene117_tx56_x5_y124_s100,scene117_tx56_x5_y96_s128,117,56,5,124,100,5,96,128,0,28,83,72,16,0.217500,0.782500,0.271111,0.274584,0.270805,4,19,7,3,0.283678,4.879724
47,scene119_tx62_x30_y149_s100,scene119_tx62_x30_y124_s128,119,62,30,149,100,30,124,128,0,25,30,30,16,0.259000,0.741000,0.422778,0.338296,0.245560,4,17,10,6,0.183012,5.120618
48,scene119_tx7_x30_y149_s100,scene119_tx7_x9_y128_s128,119,7,30,149,100,9,128,128,21,21,65,47,16,0.259000,0.741000,0.422778,0.338296,0.245560,4,17,10,6,0.183012,5.296618
49,scene121_tx45_x81_y34_s100,scene121_tx45_x54_y30_s128,121,45,81,34,100,54,30,128,27,4,35,49,16,0.259600,0.740400,0.282222,0.273199,0.392142,4,19,11,3,0.169492,5.148888
50,scene122_tx38_x113_y111_s100,scene122_tx38_x96_y111_s128,122,38,113,111,100,96,111,128,17,0,79,73,16,0.199900,0.800100,0.316944,0.273719,0.209105,4,14,7,5,0.173587,5.076846
51,scene123_tx35_x16_y108_s100,scene123_tx35_x5_y95_s128,123,35,16,108,100,5,95,128,11,13,49,28,16,0.259500,0.740500,0.309444,0.273199,0.391908,4,17,9,2,0.272447,4.733842
52,scene125_tx53_x116_y7_s100,scene125_tx53_x88_y1_s128,125,53,116,7,100,88,1,128,28,6,72,50,16,0.195100,0.804900,0.283056,0.242382,0.282419,4,12,6,3,0.266530,5.145220
53,scene125_tx63_x29_y110_s100,scene125_tx63_x2_y87_s128,125,63,29,110,100,2,87,128,27,23,65,79,16,0.259000,0.741000,0.272222,0.269391,0.399228,4,18,12,5,0.234749,4.857653
54,scene126_tx8_x83_y135_s100,scene126_tx8_x66_y120_s128,126,8,83,135,100,66,120,128,17,15,25,64,16,0.259800,0.740200,0.337222,0.269910,0.399923,4,20,12,5,0.153965,4.969524
55,scene132_tx1_x48_y97_s100,scene132_tx1_x46_y94_s128,132,1,48,97,100,46,94,128,2,3,39,64,16,0.259800,0.740200,0.337222,0.271122,0.397229,4,21,11,4,0.170516,5.069861
56,scene133_tx34_x133_y112_s100,scene133_tx34_x117_y98_s128,133,34,133,112,100,117,98,128,16,14,59,22,16,0.259700,0.740300,0.325000,0.287742,0.360031,4,18,9,1,0.373123,4.302819
57,scene133_tx63_x116_y42_s100,scene133_tx63_x104_y39_s128,133,63,116,42,100,104,39,128,12,3,51,23,16,0.259600,0.740400,0.340278,0.306440,0.318182,4,19,12,7,0.132512,5.174921
58,scene134_tx46_x40_y27_s100,scene134_tx46_x40_y10_s128,134,46,40,27,100,40,10,128,0,17,29,35,16,0.237900,0.762100,0.315000,0.292244,0.290458,4,20,10,6,0.171501,5.109100
59,scene13_tx55_x117_y22_s100,scene13_tx55_x110_y17_s128,13,55,117,22,100,110,17,128,7,5,58,76,16,0.256000,0.744000,0.256944,0.266447,0.398828,4,19,12,4,0.177734,4.989445
60,scene140_tx26_x69_y46_s100,scene140_tx26_x50_y21_s128,140,26,69,46,100,50,21,128,19,25,68,40,16,0.227800,0.772200,0.303889,0.277701,0.295874,4,18,11,4,0.199737,5.141189
61,scene141_tx74_x88_y140_s100,scene141_tx74_x60_y113_s128,141,74,88,140,100,60,113,128,28,27,71,50,16,0.212700,0.787300,0.265278,0.229051,0.377997,4,17,15,8,0.111895,5.177698
62,scene142_tx23_x142_y53_s100,scene142_tx23_x114_y46_s128,142,23,142,53,100,114,46,128,28,7,49,49,16,0.164300,0.835700,0.256667,0.216759,0.237979,4,12,7,4,0.262325,5.344654
63,scene142_tx66_x106_y108_s100,scene142_tx66_x83_y107_s128,142,66,106,108,100,83,107,128,23,1,81,24,16,0.157500,0.842500,0.246111,0.202389,0.257778,3,13,6,4,0.210794,4.648893
64,scene142_tx79_x135_y90_s100,scene142_tx79_x116_y68_s128,142,79,135,90,100,116,68,128,19,22,54,81,16,0.155900,0.844100,0.257222,0.221434,0.179602,3,12,6,4,0.276459,4.955664
65,scene143_tx24_x34_y60_s100,scene143_tx24_x10_y35_s128,143,24,34,60,100,10,35,128,24,25,50,16,16,0.206200,0.793800,0.238056,0.219702,0.384578,4,17,7,2,0.317168,4.612764
66,scene143_tx27_x120_y111_s100,scene143_tx27_x120_y83_s128,143,27,120,111,100,120,83,128,0,28,62,83,16,0.182600,0.817400,0.197778,0.190443,0.397590,4,13,8,2,0.361993,4.293656
67,scene143_tx3_x40_y31_s100,scene143_tx3_x12_y4_s128,143,3,40,31,100,12,4,128,28,27,37,54,16,0.180200,0.819800,0.151389,0.193386,0.380133,3,15,7,2,0.362930,4.029094
68,scene143_tx45_x100_y105_s100,scene143_tx45_x73_y99_s128,143,45,100,105,100,73,99,128,27,6,75,58,16,0.259700,0.740300,0.319167,0.270776,0.397767,4,17,10,3,0.254524,4.929608
69,scene143_tx5_x82_y28_s100,scene143_tx5_x69_y28_s128,143,5,82,28,100,69,28,128,13,0,80,33,16,0.259500,0.740500,0.312778,0.285665,0.364162,4,19,10,3,0.211561,4.896601
70,scene148_tx28_x44_y109_s100,scene148_tx28_x16_y105_s128,148,28,44,109,100,16,105,128,28,4,57,41,16,0.228200,0.771800,0.264722,0.265409,0.328221,4,17,7,3,0.186240,5.210519
71,scene148_tx43_x121_y52_s100,scene148_tx43_x117_y24_s128,148,43,121,52,100,117,24,128,4,28,38,60,16,0.155300,0.844700,0.298056,0.223511,0.168706,4,11,5,3,0.377978,5.106373
72,scene14_tx37_x135_y53_s100,scene14_tx37_x108_y35_s128,14,37,135,53,100,108,35,128,27,18,54,61,16,0.260000,0.740000,0.286944,0.286877,0.362692,4,20,9,4,0.195000,5.169269
73,scene14_tx53_x121_y28_s100,scene14_tx53_x118_y0_s128,14,53,121,28,100,118,0,128,3,28,44,81,16,0.224900,0.775100,0.235278,0.265062,0.319253,4,21,9,3,0.231214,5.012804
74,scene150_tx39_x138_y113_s100,scene150_tx39_x112_y113_s128,150,39,138,113,100,112,113,128,26,0,17,68,16,0.235700,0.764300,0.231667,0.245325,0.398812,4,16,9,2,0.171829,4.592113
75,scene150_tx75_x136_y104_s100,scene150_tx75_x108_y91_s128,150,75,136,104,100,108,91,128,28,13,63,79,16,0.241300,0.758700,0.306944,0.308691,0.261086,4,16,9,6,0.167841,5.099640
76,scene151_tx1_x44_y97_s100,scene151_tx1_x16_y88_s128,151,1,44,97,100,16,88,128,28,9,26,19,16,0.150500,0.849500,0.208889,0.183518,0.295681,4,11,6,3,0.211296,4.641024
77,scene151_tx23_x39_y36_s100,scene151_tx23_x38_y31_s128,151,23,39,36,100,38,31,128,1,5,20,31,16,0.238900,0.761100,0.388889,0.325485,0.213060,4,14,8,4,0.280452,4.999921
78,scene151_tx55_x109_y109_s100,scene151_tx55_x109_y81_s128,151,55,109,109,100,109,81,128,0,28,72,53,16,0.127700,0.872300,0.120833,0.135042,0.389193,3,10,5,2,0.258418,3.366148
79,scene151_tx71_x57_y98_s100,scene151_tx71_x52_y70_s128,151,71,57,98,100,52,70,128,5,28,16,80,16,0.161200,0.838800,0.292778,0.229224,0.178660,4,13,7,4,0.204715,4.989365
80,scene152_tx53_x148_y57_s100,scene152_tx53_x120_y44_s128,152,53,148,57,100,120,44,128,28,13,36,78,16,0.129700,0.870300,0.163056,0.136773,0.390902,3,10,8,3,0.262914,3.795717
81,scene152_tx76_x116_y89_s100,scene152_tx76_x100_y86_s128,152,76,116,89,100,100,86,128,16,3,83,80,16,0.171800,0.828200,0.204167,0.186461,0.373108,3,12,7,2,0.278813,4.047733
82,scene153_tx47_x100_y32_s100,scene153_tx47_x95_y31_s128,153,47,100,32,100,95,31,128,5,1,72,46,16,0.155500,0.844500,0.272500,0.224550,0.165916,4,11,7,5,0.190997,5.246003
83,scene153_tx78_x56_y28_s100,scene153_tx78_x56_y0_s128,153,78,56,28,100,56,0,128,0,28,33,64,16,0.146400,0.853600,0.268056,0.225589,0.109973,4,11,7,6,0.202869,5.262451
84,scene154_tx46_x102_y80_s100,scene154_tx46_x96_y60_s128,154,46,102,80,100,96,60,128,6,20,78,36,16,0.215200,0.784800,0.372222,0.328947,0.117100,4,14,6,5,0.181691,5.259957
85,scene154_tx63_x4_y20_s100,scene154_tx63_x4_y20_s128,154,63,4,20,100,4,20,128,0,0,60,75,16,0.150400,0.849600,0.168333,0.188193,0.277261,3,13,5,2,0.260638,4.190884
86,scene154_tx72_x130_y93_s100,scene154_tx72_x102_y65_s128,154,72,130,93,100,102,65,128,28,28,54,52,16,0.251600,0.748400,0.407500,0.371884,0.146264,4,20,8,6,0.155405,5.536618
87,scene156_tx34_x46_y31_s100,scene156_tx34_x35_y3_s128,156,34,46,31,100,35,3,128,11,28,50,51,16,0.254000,0.746000,0.264722,0.276489,0.371260,4,20,10,4,0.140551,5.319992
88,scene157_tx14_x21_y114_s100,scene157_tx14_x21_y104_s128,157,14,21,114,100,21,104,128,0,10,32,25,16,0.259200,0.740800,0.299167,0.275796,0.385417,4,19,12,5,0.129244,4.977181
89,scene157_tx59_x50_y42_s100,scene157_tx59_x22_y35_s128,157,59,50,42,100,22,35,128,28,7,77,16,16,0.259600,0.740400,0.349722,0.307479,0.315871,4,21,12,5,0.131356,4.914735
90,scene158_tx24_x133_y66_s100,scene158_tx24_x118_y41_s128,158,24,133,66,100,118,41,128,15,25,34,83,16,0.172500,0.827500,0.259444,0.214162,0.282899,4,11,5,2,0.332174,4.496055
91,scene158_tx28_x105_y46_s100,scene158_tx28_x81_y39_s128,158,28,105,46,100,81,39,128,24,7,25,83,16,0.158700,0.841300,0.215833,0.202562,0.262760,3,12,6,3,0.351607,4.509127
92,scene158_tx53_x131_y93_s100,scene158_tx53_x121_y81_s128,158,53,131,93,100,121,81,128,10,12,16,49,16,0.243500,0.756500,0.218889,0.268871,0.362218,4,14,7,2,0.235318,4.706886
93,scene158_tx58_x128_y37_s100,scene158_tx58_x100_y9_s128,158,58,128,37,100,100,9,128,28,28,56,35,16,0.202900,0.797100,0.240278,0.246191,0.299162,4,14,5,3,0.282405,5.118841
94,scene158_tx67_x13_y101_s100,scene158_tx67_x13_y101_s128,158,67,13,101,100,13,101,128,0,0,48,31,16,0.220500,0.779500,0.272500,0.274931,0.279819,4,16,9,4,0.157370,5.254585
95,scene160_tx14_x73_y136_s100,scene160_tx14_x54_y113_s128,160,14,73,136,100,54,113,128,19,23,70,53,16,0.260000,0.740000,0.260833,0.293283,0.348462,4,20,8,3,0.259615,5.064192
96,scene160_tx27_x69_y60_s100,scene160_tx27_x41_y32_s128,160,27,69,60,100,41,32,128,28,28,77,30,16,0.121100,0.878900,0.154444,0.131925,0.370768,3,9,3,1,0.407102,2.635057
97,scene160_tx28_x114_y92_s100,scene160_tx28_x86_y64_s128,160,28,114,92,100,86,64,128,28,28,81,36,16,0.218000,0.782000,0.238056,0.236669,0.372936,3,15,8,4,0.140826,4.765734
98,scene162_tx10_x61_y97_s100,scene162_tx10_x43_y83_s128,162,10,61,97,100,43,83,128,18,14,48,27,16,0.249400,0.750600,0.234722,0.260734,0.396151,4,20,10,3,0.171612,5.070168
99,scene162_tx27_x84_y38_s100,scene162_tx27_x56_y38_s128,162,27,84,38,100,56,38,128,28,0,74,62,16,0.256900,0.743100,0.339722,0.309037,0.305177,4,20,8,3,0.217984,5.049602
100,scene162_tx37_x25_y117_s100,scene162_tx37_x25_y89_s128,162,37,25,117,100,25,89,128,0,28,61,80,16,0.248200,0.751800,0.323611,0.292244,0.319903,3,17,10,4,0.172442,4.832919
101,scene162_tx70_x68_y75_s100,scene162_tx70_x67_y50_s128,162,70,68,75,100,67,50,128,1,25,62,81,16,0.259900,0.740100,0.244167,0.271122,0.397461,4,21,9,3,0.142747,4.950575
102,scene163_tx43_x37_y106_s100,scene163_tx43_x17_y106_s128,163,43,37,106,100,17,106,128,20,0,54,22,16,0.259800,0.740200,0.410833,0.353532,0.214011,4,20,9,5,0.205158,5.202545
103,scene164_tx0_x103_y138_s100,scene164_tx0_x84_y115_s128,164,0,103,138,100,84,115,128,19,23,49,50,16,0.252900,0.747100,0.299167,0.298823,0.317517,4,16,10,5,0.148675,5.377172
104,scene165_tx1_x66_y30_s100,scene165_tx1_x38_y19_s128,165,1,66,30,100,38,19,128,28,11,54,27,16,0.222500,0.777500,0.261389,0.242036,0.371685,4,16,6,2,0.377528,4.631536
105,scene165_tx4_x51_y104_s100,scene165_tx4_x29_y98_s128,165,4,51,104,100,29,98,128,22,6,73,16,16,0.186800,0.813200,0.205000,0.223338,0.309422,3,17,6,3,0.250535,4.647212
106,scene165_tx7_x41_y23_s100,scene165_tx7_x13_y21_s128,165,7,41,23,100,13,21,128,28,2,78,37,16,0.245600,0.754400,0.307778,0.284280,0.331433,4,15,8,4,0.173046,5.018539
107,scene166_tx11_x25_y38_s100,scene166_tx11_x13_y38_s128,166,11,25,38,100,13,38,128,12,0,73,49,16,0.229200,0.770800,0.301389,0.259868,0.345113,4,17,7,3,0.213787,5.101455
108,scene166_tx44_x139_y116_s100,scene166_tx44_x126_y88_s128,166,44,139,116,100,126,88,128,13,28,16,60,16,0.175700,0.824300,0.196667,0.204986,0.326124,4,16,6,1,0.299943,4.248142
109,scene166_tx46_x62_y70_s100,scene166_tx46_x62_y64_s128,166,46,62,70,100,62,64,128,0,6,28,60,16,0.184900,0.815100,0.294167,0.217105,0.321796,4,14,5,2,0.311520,4.695021
110,scene166_tx64_x78_y50_s100,scene166_tx64_x74_y42_s128,166,64,78,50,100,74,42,128,4,8,50,51,16,0.240700,0.759300,0.311389,0.275796,0.338180,4,17,8,3,0.239302,5.270812
111,scene166_tx8_x142_y130_s100,scene166_tx8_x115_y102_s128,166,8,142,130,100,115,102,128,27,28,33,62,16,0.198600,0.801400,0.289722,0.224723,0.346425,4,12,6,3,0.265358,5.013468
112,scene167_tx56_x9_y123_s100,scene167_tx56_x1_y108_s128,167,56,9,123,100,1,108,128,8,15,52,44,16,0.259400,0.740600,0.310556,0.330332,0.264456,4,17,9,3,0.182729,5.354196
113,scene167_tx62_x41_y124_s100,scene167_tx62_x21_y123_s128,167,62,41,124,100,21,123,128,20,1,79,55,16,0.259800,0.740200,0.444722,0.349896,0.222094,4,16,9,5,0.182448,5.197284
114,scene168_tx10_x19_y59_s100,scene168_tx10_x16_y48_s128,168,10,19,59,100,16,48,128,3,11,54,50,16,0.198100,0.801900,0.355556,0.263331,0.232206,4,11,5,2,0.332155,4.948746
115,scene168_tx12_x72_y82_s100,scene168_tx12_x52_y82_s128,168,12,72,82,100,52,82,128,20,0,26,18,16,0.200000,0.800000,0.263333,0.219356,0.366500,4,14,6,3,0.306000,4.733287
116,scene168_tx23_x101_y90_s100,scene168_tx23_x101_y87_s128,168,23,101,90,100,101,87,128,0,3,18,80,16,0.152200,0.847800,0.240278,0.224377,0.148489,3,15,6,3,0.335742,4.723645
117,scene168_tx35_x37_y25_s100,scene168_tx35_x36_y25_s128,168,35,37,25,100,36,25,128,1,0,33,41,16,0.221500,0.778500,0.208889,0.243248,0.365688,4,16,7,2,0.297065,4.719148
118,scene169_tx16_x78_y27_s100,scene169_tx16_x50_y27_s128,169,16,78,27,100,50,27,128,28,0,82,52,16,0.258400,0.741600,0.361667,0.280644,0.372678,4,21,10,4,0.199690,5.001065
119,scene169_tx32_x118_y11_s100,scene169_tx32_x108_y11_s128,169,32,118,11,100,108,11,128,10,0,75,58,16,0.124600,0.875400,0.190556,0.155298,0.280096,3,14,5,1,0.459872,3.733634
120,scene169_tx51_x86_y13_s100,scene169_tx51_x64_y2_s128,169,51,86,13,100,64,2,128,22,11,22,45,16,0.228500,0.771500,0.328056,0.310076,0.216193,4,16,7,4,0.250766,5.150880
121,scene169_tx75_x142_y101_s100,scene169_tx75_x114_y95_s128,169,75,142,101,100,114,95,128,28,6,50,17,16,0.145600,0.854400,0.213611,0.171053,0.321429,3,12,7,2,0.274725,4.269381
122,scene169_tx79_x148_y106_s100,scene169_tx79_x120_y87_s128,169,79,148,106,100,120,87,128,28,19,20,43,16,0.140500,0.859500,0.258611,0.200139,0.177224,4,12,5,4,0.284698,5.026768
123,scene170_tx37_x150_y37_s100,scene170_tx37_x122_y32_s128,170,37,150,37,100,122,32,128,28,5,38,24,16,0.128700,0.871300,0.202778,0.149931,0.327117,4,12,5,2,0.349650,4.239911
124,scene170_tx47_x117_y45_s100,scene170_tx47_x110_y45_s128,170,47,117,45,100,110,45,128,7,0,52,16,16,0.176200,0.823800,0.185278,0.219356,0.280931,4,15,6,3,0.277526,4.918542
125,scene170_tx51_x52_y31_s100,scene170_tx51_x27_y3_s128,170,51,52,31,100,27,3,128,25,28,48,68,16,0.259400,0.740600,0.293611,0.288608,0.357363,4,19,9,3,0.177332,5.151565
126,scene170_tx71_x115_y41_s100,scene170_tx71_x88_y34_s128,170,71,115,41,100,88,34,128,27,7,78,18,16,0.170700,0.829300,0.228056,0.224723,0.239602,4,15,6,3,0.286467,4.874657
127,scene170_tx9_x59_y117_s100,scene170_tx9_x53_y117_s128,170,9,59,117,100,53,117,128,6,0,27,39,16,0.120900,0.879100,0.150833,0.132964,0.364764,3,11,6,2,0.327543,3.534919
128,scene171_tx32_x81_y34_s100,scene171_tx32_x53_y34_s128,171,32,81,34,100,53,34,128,28,0,23,22,16,0.163200,0.836800,0.155556,0.176939,0.373775,3,14,5,3,0.284926,4.009048
129,scene171_tx35_x117_y50_s100,scene171_tx35_x89_y22_s128,171,35,117,50,100,89,22,128,28,28,82,41,16,0.196900,0.803100,0.241111,0.255367,0.250889,3,14,6,2,0.351955,4.487507
130,scene171_tx39_x42_y30_s100,scene171_tx39_x36_y11_s128,171,39,42,30,100,36,11,128,6,19,18,42,16,0.141100,0.858900,0.132500,0.147853,0.394755,3,12,7,3,0.228207,3.834879
131,scene171_tx54_x42_y30_s100,scene171_tx54_x30_y11_s128,171,54,42,30,100,30,11,128,12,19,16,63,16,0.141100,0.858900,0.132500,0.147853,0.394755,3,12,7,3,0.228207,3.778879
132,scene171_tx59_x90_y136_s100,scene171_tx59_x62_y123_s128,171,59,90,136,100,62,123,128,28,13,81,37,16,0.231000,0.769000,0.244444,0.240132,0.399567,4,17,7,3,0.177489,4.908779
133,scene171_tx7_x91_y73_s100,scene171_tx7_x67_y45_s128,171,7,91,73,100,67,45,128,24,28,83,53,16,0.148600,0.851400,0.276667,0.211392,0.178331,3,13,4,3,0.312921,4.709421
134,scene172_tx13_x82_y29_s100,scene172_tx13_x82_y24_s128,172,13,82,29,100,82,24,128,0,5,40,50,16,0.191000,0.809000,0.268611,0.246711,0.253927,4,19,8,2,0.270157,5.005480
135,scene172_tx25_x88_y19_s100,scene172_tx25_x88_y19_s128,172,25,88,19,100,88,19,128,0,0,45,45,16,0.223800,0.776200,0.334722,0.259522,0.330206,4,17,9,4,0.230563,5.216247
136,scene172_tx4_x136_y82_s100,scene172_tx4_x108_y60_s128,172,4,136,82,100,108,60,128,28,22,59,39,16,0.202700,0.797300,0.289444,0.242729,0.308337,4,16,7,3,0.216083,5.175520
137,scene173_tx0_x133_y100_s100,scene173_tx0_x105_y78_s128,173,0,133,100,100,105,78,128,28,22,55,46,16,0.243300,0.756700,0.295000,0.286011,0.321003,4,19,11,6,0.131525,5.324424
138,scene173_tx15_x110_y88_s100,scene173_tx15_x104_y66_s128,173,15,110,88,100,104,66,128,6,22,16,19,16,0.145500,0.854500,0.201111,0.164820,0.345704,4,14,8,4,0.192440,4.490977
139,scene173_tx27_x85_y142_s100,scene173_tx27_x57_y114_s128,173,27,85,142,100,57,114,128,28,28,18,56,16,0.166700,0.833300,0.222778,0.188019,0.348530,3,12,7,3,0.266947,4.563072
140,scene173_tx44_x132_y89_s100,scene173_tx44_x124_y85_s128,173,44,132,89,100,124,85,128,8,4,50,40,16,0.208200,0.791800,0.244722,0.219875,0.390010,4,14,10,4,0.149376,5.216871
141,scene173_tx49_x143_y33_s100,scene173_tx49_x119_y16_s128,173,49,143,33,100,119,16,128,24,17,23,32,16,0.131800,0.868200,0.185278,0.140928,0.382398,4,10,5,1,0.534901,3.382021
142,scene173_tx65_x6_y74_s100,scene173_tx65_x6_y48_s128,173,65,6,74,100,6,48,128,0,26,66,50,16,0.188600,0.811400,0.287500,0.240651,0.262990,4,12,5,2,0.288971,4.929671
143,scene174_tx38_x100_y44_s100,scene174_tx38_x89_y16_s128,174,38,100,44,100,89,16,128,11,28,83,71,16,0.162500,0.837500,0.123333,0.171745,0.389538,3,13,6,1,0.299692,3.197623
144,scene174_tx39_x99_y71_s100,scene174_tx39_x71_y58_s128,174,39,99,71,100,71,58,128,28,13,81,21,16,0.241500,0.758500,0.313611,0.283241,0.322567,4,17,8,4,0.201656,4.851429
145,scene174_tx4_x68_y34_s100,scene174_tx4_x62_y6_s128,174,4,68,34,100,62,6,128,6,28,73,26,16,0.207800,0.792200,0.238611,0.220395,0.387392,4,13,7,2,0.238210,4.578074
146,scene174_tx71_x145_y51_s100,scene174_tx71_x117_y49_s128,174,71,145,51,100,117,49,128,28,2,48,83,16,0.148600,0.851400,0.200278,0.167071,0.350606,3,12,6,2,0.278600,4.193161
147,scene175_tx10_x106_y22_s100,scene175_tx10_x106_y8_s128,175,10,106,22,100,106,8,128,0,14,24,77,16,0.136400,0.863600,0.193611,0.148373,0.371701,4,15,8,4,0.195015,4.419028
148,scene175_tx19_x88_y28_s100,scene175_tx19_x65_y0_s128,175,19,88,28,100,65,0,128,23,28,83,29,16,0.165000,0.835000,0.208333,0.193386,0.323030,4,13,7,5,0.186667,4.767199
149,scene175_tx27_x92_y97_s100,scene175_tx27_x72_y71_s128,175,27,92,97,100,72,71,128,20,26,74,50,16,0.194000,0.806000,0.334722,0.255540,0.239175,4,19,9,4,0.179897,5.259082
150,scene175_tx30_x88_y137_s100,scene175_tx30_x71_y109_s128,175,30,88,137,100,71,109,128,17,28,50,50,16,0.192300,0.807700,0.240556,0.233033,0.300052,4,17,9,4,0.181487,5.376599
151,scene175_tx31_x85_y33_s100,scene175_tx31_x59_y29_s128,175,31,85,33,100,59,29,128,26,4,79,23,16,0.179800,0.820200,0.236111,0.220222,0.292547,4,15,9,5,0.174082,4.944269
152,scene176_tx29_x119_y63_s100,scene176_tx29_x116_y49_s128,176,29,119,63,100,116,49,128,3,14,28,83,16,0.235700,0.764300,0.403889,0.308864,0.243106,4,20,10,5,0.165889,5.018973
153,scene176_tx30_x47_y68_s100,scene176_tx30_x24_y54_s128,176,30,47,68,100,24,54,128,23,14,16,80,16,0.245100,0.754900,0.416389,0.305921,0.279070,4,18,12,5,0.150143,4.917988
154,scene176_tx35_x29_y117_s100,scene176_tx35_x29_y117_s128,176,35,29,117,100,29,117,128,0,0,42,28,16,0.200400,0.799600,0.242222,0.250693,0.277445,4,16,7,3,0.362774,5.000569
155,scene176_tx53_x122_y85_s100,scene176_tx53_x105_y57_s128,176,53,122,85,100,105,57,128,17,28,71,66,16,0.243800,0.756200,0.289444,0.269044,0.362592,4,18,9,3,0.160788,5.024180
156,scene176_tx70_x38_y119_s100,scene176_tx70_x38_y92_s128,176,70,38,119,100,38,92,128,0,27,30,57,16,0.173100,0.826900,0.248056,0.221434,0.261121,4,15,6,3,0.419988,4.992666
157,scene177_tx14_x44_y37_s100,scene177_tx14_x44_y10_s128,177,14,44,37,100,44,10,128,0,27,80,76,16,0.223400,0.776600,0.232778,0.237015,0.387198,4,16,8,3,0.182184,4.823397
158,scene177_tx31_x101_y78_s100,scene177_tx31_x80_y53_s128,177,31,101,78,100,80,53,128,21,25,58,80,16,0.259900,0.740100,0.263611,0.298303,0.337053,3,19,9,4,0.180454,4.829128
159,scene179_tx28_x66_y14_s100,scene179_tx28_x38_y14_s128,179,28,66,14,100,38,14,128,28,0,48,74,16,0.143500,0.856500,0.318889,0.229398,0.076655,3,8,3,3,0.370732,4.446355
160,scene179_tx68_x144_y63_s100,scene179_tx68_x116_y62_s128,179,68,144,63,100,116,62,128,28,1,42,54,16,0.184900,0.815100,0.201389,0.219529,0.314224,3,14,6,3,0.359113,4.901161
161,scene17_tx53_x97_y62_s100,scene17_tx53_x69_y34_s128,17,53,97,62,100,69,34,128,28,28,74,22,16,0.241300,0.758700,0.259444,0.255367,0.388728,4,19,11,4,0.222130,4.817610
162,scene180_tx26_x73_y92_s100,scene180_tx26_x45_y92_s128,180,26,73,92,100,45,92,128,28,0,49,16,16,0.211400,0.788600,0.316667,0.258310,0.294229,4,17,8,3,0.266793,5.026812
163,scene180_tx44_x108_y121_s100,scene180_tx44_x87_y121_s128,180,44,108,121,100,87,121,128,21,0,50,45,16,0.212000,0.788000,0.212500,0.221087,0.397642,3,16,8,2,0.264151,4.678428
164,scene180_tx50_x110_y108_s100,scene180_tx50_x90_y101_s128,180,50,110,108,100,90,101,128,20,7,66,76,16,0.257600,0.742400,0.304444,0.298996,0.329581,4,18,10,3,0.218944,4.971453
165,scene180_tx65_x22_y108_s100,scene180_tx65_x2_y108_s128,180,65,22,108,100,2,108,128,20,0,43,25,16,0.214300,0.785700,0.341944,0.274065,0.261316,4,14,7,3,0.295380,5.064579
166,scene181_tx79_x125_y4_s100,scene181_tx79_x97_y3_s128,181,79,125,4,100,97,3,128,28,1,58,75,16,0.226500,0.773500,0.207500,0.242036,0.382781,4,17,13,5,0.129801,5.059841
167,scene182_tx16_x117_y71_s100,scene182_tx16_x92_y54_s128,182,16,117,71,100,92,54,128,25,17,34,76,16,0.255100,0.744900,0.375556,0.346087,0.216386,4,22,10,6,0.137201,5.180856
168,scene182_tx28_x75_y119_s100,scene182_tx28_x54_y91_s128,182,28,75,119,100,54,91,128,21,28,16,71,16,0.258700,0.741300,0.243889,0.292936,0.345961,4,20,9,2,0.180518,4.615714
169,scene182_tx35_x49_y98_s100,scene182_tx35_x47_y78_s128,182,35,49,98,100,47,78,128,2,20,23,50,16,0.254600,0.745400,0.202500,0.264889,0.399057,4,21,12,3,0.171249,5.051007
170,scene182_tx39_x20_y90_s100,scene182_tx39_x0_y62_s128,182,39,20,90,100,0,62,128,20,28,50,56,16,0.237300,0.762700,0.235278,0.249134,0.393595,4,16,11,3,0.183734,5.214326
171,scene183_tx43_x89_y110_s100,scene183_tx43_x89_y88_s128,183,43,89,110,100,89,88,128,0,22,37,83,16,0.250900,0.749100,0.298889,0.266967,0.385413,4,17,8,2,0.206058,4.617386
172,scene183_tx5_x32_y96_s100,scene183_tx5_x4_y70_s128,183,5,32,96,100,4,70,128,28,26,56,76,16,0.236800,0.763200,0.381667,0.298650,0.271537,4,17,9,5,0.173986,5.161568
173,scene185_tx27_x40_y150_s100,scene185_tx27_x40_y123_s128,185,27,40,150,100,40,123,128,0,27,17,40,16,0.161000,0.839000,0.255556,0.237708,0.147205,4,12,5,4,0.353416,5.061280
174,scene185_tx35_x25_y57_s100,scene185_tx35_x16_y57_s128,185,35,25,57,100,16,57,128,9,0,29,33,16,0.192100,0.807900,0.264722,0.218663,0.342530,4,12,4,2,0.261843,4.515349
175,scene185_tx38_x22_y141_s100,scene185_tx38_x16_y113_s128,185,38,22,141,100,16,113,128,6,28,40,51,16,0.144900,0.855100,0.285556,0.216413,0.137336,4,11,4,3,0.392685,5.039214
176,scene185_tx41_x60_y12_s100,scene185_tx41_x56_y5_s128,185,41,60,12,100,56,5,128,4,7,62,80,16,0.215800,0.784200,0.441667,0.352147,0.057461,4,15,5,4,0.315570,5.211034
177,scene185_tx46_x100_y34_s100,scene185_tx46_x77_y31_s128,185,46,100,34,100,77,31,128,23,3,72,43,16,0.256400,0.743600,0.238333,0.297438,0.329953,4,15,5,2,0.254680,4.776177
178,scene185_tx55_x21_y124_s100,scene185_tx55_x0_y120_s128,185,55,21,124,100,0,120,128,21,4,40,17,16,0.164300,0.835700,0.203056,0.175900,0.381619,4,12,5,2,0.346318,4.279161
179,scene185_tx66_x149_y68_s100,scene185_tx66_x121_y65_s128,185,66,149,68,100,121,65,128,28,3,50,34,16,0.141800,0.858200,0.168333,0.149758,0.389986,3,12,5,1,0.448519,3.562210
180,scene186_tx10_x102_y79_s100,scene186_tx10_x102_y76_s128,186,10,102,79,100,102,76,128,0,3,49,77,16,0.257700,0.742300,0.389167,0.313366,0.297633,4,15,7,2,0.355840,4.731918
181,scene186_tx17_x124_y44_s100,scene186_tx17_x96_y34_s128,186,17,124,44,100,96,34,128,28,10,71,25,16,0.209200,0.790800,0.242500,0.217971,0.398184,4,14,7,3,0.290631,4.781544
182,scene186_tx19_x141_y61_s100,scene186_tx19_x125_y33_s128,186,19,141,61,100,125,33,128,16,28,50,72,16,0.236300,0.763700,0.301944,0.264024,0.354634,4,14,7,3,0.204824,5.114097
183,scene186_tx37_x43_y27_s100,scene186_tx37_x40_y21_s128,186,37,43,27,100,40,21,128,3,6,51,57,16,0.252700,0.747300,0.290000,0.276316,0.368421,4,17,13,4,0.123862,5.282419
184,scene187_tx79_x117_y82_s100,scene187_tx79_x106_y76_s128,187,79,117,82,100,106,76,128,11,6,31,39,16,0.242000,0.758000,0.323611,0.311981,0.255372,4,18,9,4,0.188430,5.183967
185,scene188_tx11_x86_y117_s100,scene188_tx11_x79_y89_s128,188,11,86,117,100,79,89,128,7,28,67,78,16,0.246400,0.753600,0.341667,0.293975,0.310877,4,17,9,3,0.202110,4.985049
186,scene188_tx30_x35_y40_s100,scene188_tx30_x7_y18_s128,188,30,35,40,100,7,18,128,28,22,80,27,16,0.166500,0.833500,0.123333,0.184730,0.359159,3,14,6,3,0.253453,3.887852
187,scene188_tx41_x148_y76_s100,scene188_tx41_x128_y74_s128,188,41,148,76,100,128,74,128,20,2,26,42,16,0.259400,0.740600,0.297778,0.283587,0.368543,4,20,11,4,0.159214,5.058456
188,scene188_tx65_x73_y29_s100,scene188_tx65_x51_y21_s128,188,65,73,29,100,51,21,128,22,8,41,57,16,0.135900,0.864100,0.141944,0.141447,0.398823,4,13,7,2,0.212656,4.000498
189,scene188_tx79_x104_y111_s100,scene188_tx79_x92_y108_s128,188,79,104,111,100,92,108,128,12,3,75,20,16,0.222200,0.777800,0.258611,0.231129,0.399190,3,16,7,3,0.224122,4.579262
190,scene189_tx11_x99_y113_s100,scene189_tx11_x73_y113_s128,189,11,99,113,100,73,113,128,26,0,81,40,16,0.218900,0.781100,0.245000,0.235803,0.377798,4,16,7,3,0.286432,4.860853
191,scene189_tx20_x82_y57_s100,scene189_tx20_x54_y48_s128,189,20,82,57,100,54,48,128,28,9,80,36,16,0.213500,0.786500,0.279444,0.252078,0.318033,4,16,8,3,0.228103,4.961068
192,scene189_tx47_x75_y61_s100,scene189_tx47_x75_y61_s128,189,47,75,61,100,75,61,128,0,0,30,48,16,0.212600,0.787400,0.303056,0.269391,0.268109,4,16,9,5,0.229069,5.196107
193,scene189_tx48_x62_y32_s100,scene189_tx48_x35_y7_s128,189,48,62,32,100,35,7,128,27,25,33,54,16,0.199200,0.800800,0.230833,0.226974,0.341867,4,17,10,3,0.166165,5.172211
194,scene189_tx67_x113_y65_s100,scene189_tx67_x88_y65_s128,189,67,113,65,100,88,65,128,25,0,75,78,16,0.198800,0.801200,0.188889,0.208795,0.393360,3,14,9,3,0.244970,4.444599
195,scene18_tx72_x104_y96_s100,scene18_tx72_x84_y85_s128,18,72,104,96,100,84,85,128,20,11,42,40,16,0.259600,0.740400,0.338056,0.304017,0.323575,4,21,10,5,0.164869,5.219328
196,scene190_tx13_x47_y50_s100,scene190_tx13_x47_y22_s128,190,13,47,50,100,47,22,128,0,28,19,69,16,0.211400,0.788600,0.247500,0.219875,0.399243,4,14,6,1,0.282876,4.232307
197,scene190_tx7_x20_y52_s100,scene190_tx7_x20_y29_s128,190,7,20,52,100,20,29,128,0,23,42,18,16,0.197900,0.802100,0.257500,0.220914,0.355230,4,15,7,2,0.302173,4.615102
198,scene191_tx47_x4_y3_s100,scene191_tx47_x4_y3_s128,191,47,4,3,100,4,3,128,0,0,53,55,16,0.196400,0.803600,0.206389,0.227666,0.330448,3,17,7,3,0.173116,5.083658
199,scene191_tx53_x150_y63_s100,scene191_tx53_x122_y63_s128,191,53,150,63,100,122,63,128,28,0,39,32,16,0.213900,0.786100,0.308889,0.282202,0.237962,4,13,7,4,0.189808,5.211619
200,scene191_tx58_x84_y18_s100,scene191_tx58_x84_y18_s128,191,58,84,18,100,84,18,128,0,0,16,40,16,0.130200,0.869800,0.201667,0.165686,0.264977,4,11,3,1,0.509985,3.546448
201,scene192_tx52_x55_y66_s100,scene192_tx52_x41_y50_s128,192,52,55,66,100,41,50,128,14,16,61,74,16,0.259300,0.740700,0.361667,0.327735,0.269958,4,19,9,5,0.182800,5.131531
202,scene193_tx28_x107_y110_s100,scene193_tx28_x96_y82_s128,193,28,107,110,100,96,82,128,11,28,20,62,16,0.217700,0.782300,0.295000,0.250000,0.336702,4,14,8,3,0.211300,4.969788
203,scene194_tx69_x132_y107_s100,scene194_tx69_x125_y79_s128,194,69,132,107,100,125,79,128,7,28,53,34,16,0.202500,0.797500,0.249722,0.224896,0.358519,3,17,10,4,0.242469,4.899556
204,scene195_tx13_x6_y73_s100,scene195_tx13_x6_y45_s128,195,13,6,73,100,6,45,128,0,28,50,49,16,0.259100,0.740900,0.377222,0.296572,0.338865,4,19,11,5,0.231571,5.276948
205,scene195_tx27_x62_y84_s100,scene195_tx27_x34_y78_s128,195,27,62,84,100,34,78,128,28,6,69,28,16,0.258700,0.741300,0.281667,0.303324,0.322768,4,16,10,6,0.129107,5.068482
206,scene195_tx36_x32_y107_s100,scene195_tx36_x21_y93_s128,195,36,32,107,100,21,93,128,11,14,29,20,16,0.259500,0.740500,0.303333,0.277008,0.383430,4,19,10,4,0.231214,4.823792
207,scene195_tx47_x56_y28_s100,scene195_tx47_x39_y28_s128,195,47,56,28,100,39,28,128,17,0,18,35,16,0.220700,0.779300,0.348056,0.315789,0.173539,4,17,9,7,0.130041,5.198717
208,scene195_tx63_x112_y80_s100,scene195_tx63_x84_y58_s128,195,63,112,80,100,84,58,128,28,22,80,30,16,0.256700,0.743300,0.361389,0.297438,0.330736,4,22,14,6,0.196338,4.926412
209,scene195_tx68_x122_y88_s100,scene195_tx68_x94_y86_s128,195,68,122,88,100,94,86,128,28,2,61,83,16,0.250700,0.749300,0.284167,0.269391,0.379338,4,22,11,4,0.201037,4.911861
210,scene195_tx69_x34_y119_s100,scene195_tx69_x22_y117_s128,195,69,34,119,100,22,117,128,12,2,19,57,16,0.225300,0.774700,0.223056,0.265062,0.320462,4,20,9,4,0.266312,4.971766
211,scene196_tx75_x9_y125_s100,scene196_tx75_x1_y97_s128,196,75,9,125,100,1,97,128,8,28,68,54,16,0.249800,0.750200,0.296389,0.289474,0.330665,4,23,12,6,0.154123,5.188492
212,scene197_tx17_x119_y36_s100,scene197_tx17_x92_y8_s128,197,17,119,36,100,92,8,128,27,28,83,39,16,0.149600,0.850400,0.198889,0.180575,0.302807,3,11,4,2,0.303476,3.987012
213,scene197_tx20_x125_y50_s100,scene197_tx20_x125_y38_s128,197,20,125,50,100,125,38,128,0,12,65,23,16,0.150000,0.850000,0.267500,0.224550,0.135333,4,10,4,3,0.291333,4.829400
214,scene197_tx57_x78_y50_s100,scene197_tx57_x50_y22_s128,197,57,78,50,100,50,22,128,28,28,18,53,16,0.131900,0.868100,0.137778,0.145429,0.363154,3,10,4,2,0.359363,3.241817
215,scene197_tx76_x114_y40_s100,scene197_tx76_x101_y29_s128,197,76,114,40,100,101,29,128,13,11,68,16,16,0.153900,0.846100,0.200278,0.213470,0.198830,3,13,4,2,0.307992,4.305923
216,scene198_tx3_x19_y46_s100,scene198_tx3_x1_y41_s128,198,3,19,46,100,1,41,128,18,5,64,17,16,0.130600,0.869400,0.135556,0.148373,0.343798,3,12,6,2,0.283308,3.547993
217,scene198_tx63_x68_y77_s100,scene198_tx63_x40_y74_s128,198,63,68,77,100,40,74,128,28,3,52,21,16,0.256200,0.743800,0.329167,0.334661,0.245511,4,18,9,6,0.131928,5.238651
218,scene199_tx63_x111_y43_s100,scene199_tx63_x109_y27_s128,199,63,111,43,100,109,27,128,2,16,22,50,16,0.229300,0.770700,0.234167,0.240824,0.393371,3,15,7,4,0.176625,4.844993
219,scene19_tx5_x55_y91_s100,scene19_tx5_x40_y78_s128,19,5,55,91,100,40,78,128,15,13,57,41,16,0.259000,0.741000,0.346667,0.327043,0.270656,4,22,13,6,0.211583,5.256788
220,scene19_tx60_x52_y91_s100,scene19_tx60_x52_y67_s128,19,60,52,91,100,52,67,128,0,24,23,16,16,0.253000,0.747000,0.326111,0.322195,0.264427,4,22,11,6,0.216601,4.899747
221,scene19_tx68_x109_y143_s100,scene19_tx68_x90_y115_s128,19,68,109,143,100,90,115,128,19,28,72,38,16,0.237400,0.762600,0.308611,0.302285,0.264532,4,21,12,8,0.164280,5.162709
222,scene19_tx77_x23_y94_s100,scene19_tx77_x6_y68_s128,19,77,23,94,100,6,68,128,17,26,54,25,16,0.252700,0.747300,0.258056,0.277874,0.364860,4,22,13,6,0.216858,5.034996
223,scene1_tx24_x117_y133_s100,scene1_tx24_x117_y105_s128,1,24,117,133,100,117,105,128,0,28,43,57,16,0.258300,0.741700,0.270556,0.342105,0.234998,4,24,17,12,0.075881,5.437710
224,scene200_tx14_x136_y83_s100,scene200_tx14_x116_y57_s128,200,14,136,83,100,116,57,128,20,26,50,61,16,0.258800,0.741200,0.288611,0.278913,0.377512,4,19,9,3,0.193586,5.184759
225,scene200_tx2_x57_y30_s100,scene200_tx2_x29_y30_s128,200,2,57,30,100,29,30,128,28,0,79,36,16,0.245400,0.754600,0.373611,0.322542,0.240831,3,16,7,4,0.189894,4.896098
226,scene200_tx35_x45_y16_s100,scene200_tx35_x38_y16_s128,200,35,45,16,100,38,16,128,7,0,42,63,16,0.258700,0.741300,0.416111,0.336911,0.247777,4,16,7,5,0.180131,5.272549
227,scene200_tx48_x29_y70_s100,scene200_tx48_x24_y63_s128,200,48,29,70,100,24,63,128,5,7,39,18,16,0.259800,0.740200,0.327778,0.289993,0.355273,4,16,9,4,0.180523,4.967201
228,scene200_tx58_x69_y125_s100,scene200_tx58_x55_y102_s128,200,58,69,125,100,55,102,128,14,23,25,39,16,0.216600,0.783400,0.250278,0.245499,0.345337,4,18,10,5,0.162050,5.051751
229,scene201_tx11_x144_y106_s100,scene201_tx11_x123_y106_s128,201,11,144,106,100,123,106,128,21,0,43,32,16,0.209700,0.790300,0.256111,0.235457,0.351454,4,16,8,3,0.237482,5.064521
230,scene201_tx76_x95_y88_s100,scene201_tx76_x72_y88_s128,201,76,95,88,100,72,88,128,23,0,76,52,16,0.203100,0.796900,0.200278,0.212431,0.395864,4,16,8,1,0.360906,4.301528
231,scene203_tx44_x85_y17_s100,scene203_tx44_x81_y14_s128,203,44,85,17,100,81,14,128,4,3,35,81,16,0.187200,0.812800,0.332500,0.242729,0.251068,4,17,8,4,0.180556,5.068218
232,scene204_tx29_x147_y79_s100,scene204_tx29_x127_y52_s128,204,29,147,79,100,127,52,128,20,27,50,50,16,0.210600,0.789400,0.400278,0.288435,0.208927,4,17,8,4,0.203704,5.465954
233,scene204_tx40_x58_y39_s100,scene204_tx40_x32_y36_s128,204,40,58,39,100,32,36,128,26,3,16,26,16,0.163200,0.836800,0.266944,0.213989,0.242647,4,12,5,3,0.253676,4.883727
234,scene204_tx79_x14_y22_s100,scene204_tx79_x6_y11_s128,204,79,14,22,100,6,11,128,8,11,60,50,16,0.221600,0.778400,0.200278,0.268698,0.299639,4,20,8,4,0.176895,5.301227
235,scene206_tx5_x63_y76_s100,scene206_tx5_x57_y53_s128,206,5,63,76,100,57,53,128,6,23,65,56,16,0.260000,0.740000,0.262222,0.278220,0.381923,3,17,9,3,0.153077,4.935923
236,scene206_tx65_x43_y68_s100,scene206_tx65_x31_y60_s128,206,65,43,68,100,31,60,128,12,8,30,65,16,0.259500,0.740500,0.353056,0.278220,0.380732,4,17,9,4,0.171484,5.008786
237,scene206_tx70_x51_y66_s100,scene206_tx70_x33_y61_s128,206,70,51,66,100,33,61,128,18,5,50,46,16,0.236600,0.763400,0.306667,0.252424,0.383770,4,17,10,4,0.168216,5.256081
238,scene207_tx42_x122_y130_s100,scene207_tx42_x100_y103_s128,207,42,122,130,100,100,103,128,22,27,52,25,16,0.120500,0.879500,0.128333,0.135734,0.349378,4,11,5,2,0.366805,3.631657
239,scene207_tx49_x74_y96_s100,scene207_tx49_x74_y68_s128,207,49,74,96,100,74,68,128,0,28,83,80,16,0.204200,0.795800,0.213611,0.213470,0.396180,3,16,9,3,0.166993,4.534669
240,scene208_tx28_x95_y26_s100,scene208_tx28_x85_y20_s128,208,28,95,26,100,85,20,128,10,6,33,43,16,0.247900,0.752100,0.311389,0.284972,0.336023,4,15,10,3,0.233159,5.094930
241,scene208_tx57_x11_y18_s100,scene208_tx57_x6_y8_s128,208,57,11,18,100,6,8,128,5,10,57,44,16,0.258600,0.741400,0.397222,0.351108,0.215777,4,16,8,5,0.197602,5.359225
242,scene209_tx15_x53_y131_s100,scene209_tx15_x33_y103_s128,209,15,53,131,100,33,103,128,20,28,29,57,16,0.219900,0.780100,0.354167,0.282375,0.258299,4,13,7,4,0.185539,5.199056
243,scene209_tx3_x40_y58_s100,scene209_tx3_x38_y42_s128,209,3,40,58,100,38,42,128,2,16,27,83,16,0.202900,0.797100,0.166667,0.212604,0.394776,3,13,8,3,0.205520,4.319625
244,scene209_tx48_x41_y104_s100,scene209_tx48_x33_y76_s128,209,48,41,104,100,33,76,128,8,28,73,61,16,0.255800,0.744200,0.303889,0.273026,0.383503,3,14,8,3,0.163018,4.821081
245,scene209_tx58_x52_y124_s100,scene209_tx58_x24_y96_s128,209,58,52,124,100,24,96,128,28,28,22,72,16,0.238700,0.761300,0.369167,0.319771,0.226225,4,14,7,4,0.174696,5.071303
246,scene209_tx69_x42_y17_s100,scene209_tx69_x40_y17_s128,209,69,42,17,100,40,17,128,2,0,41,74,16,0.186200,0.813800,0.278333,0.234245,0.273362,4,12,6,4,0.233083,5.098191
247,scene210_tx60_x120_y7_s100,scene210_tx60_x96_y7_s128,210,60,120,7,100,96,7,128,24,0,35,50,16,0.237400,0.762600,0.439167,0.321157,0.218618,4,19,10,5,0.144061,5.388003
248,scene211_tx28_x46_y26_s100,scene211_tx28_x35_y26_s128,211,28,46,26,100,35,26,128,11,0,76,38,16,0.169500,0.830500,0.360000,0.261427,0.109145,4,16,7,4,0.269617,5.222372
249,scene211_tx64_x44_y58_s100,scene211_tx64_x16_y57_s128,211,64,44,58,100,16,57,128,28,1,21,83,16,0.258700,0.741300,0.313333,0.302805,0.323927,4,19,8,4,0.176652,4.856300
250,scene211_tx76_x105_y17_s100,scene211_tx76_x98_y17_s128,211,76,105,17,100,98,17,128,7,0,83,48,16,0.210700,0.789300,0.267778,0.246711,0.323683,4,13,7,3,0.216896,5.036374
251,scene211_tx78_x104_y50_s100,scene211_tx78_x81_y29_s128,211,78,104,50,100,81,29,128,23,21,69,50,16,0.224300,0.775700,0.277500,0.275277,0.291128,4,17,9,3,0.203745,5.215276
252,scene214_tx10_x39_y104_s100,scene214_tx10_x17_y104_s128,214,10,39,104,100,17,104,128,22,0,59,56,16,0.209200,0.790800,0.192222,0.220914,0.390057,3,14,8,3,0.225143,4.854858
253,scene214_tx15_x87_y137_s100,scene214_tx15_x74_y115_s128,214,15,87,137,100,74,115,128,13,22,21,56,16,0.245000,0.755000,0.236667,0.308345,0.273061,3,16,8,4,0.192245,4.919306
254,scene214_tx55_x33_y23_s100,scene214_tx55_x33_y23_s128,214,55,33,23,100,33,23,128,0,0,67,42,16,0.259400,0.740600,0.263611,0.285665,0.363917,4,17,10,3,0.159985,5.119314
255,scene214_tx57_x52_y13_s100,scene214_tx57_x52_y6_s128,214,57,52,13,100,52,6,128,0,7,18,50,16,0.253000,0.747000,0.270833,0.271122,0.381028,3,18,11,3,0.164032,4.839138
256,scene215_tx21_x148_y53_s100,scene215_tx21_x120_y39_s128,215,21,148,53,100,120,39,128,28,14,22,70,16,0.125600,0.874400,0.203333,0.172438,0.207006,4,13,4,1,0.386943,3.966580
257,scene216_tx11_x34_y24_s100,scene216_tx11_x6_y6_s128,216,11,34,24,100,6,6,128,28,18,60,49,16,0.252800,0.747200,0.328889,0.279778,0.360759,4,21,8,2,0.383307,4.767446
258,scene216_tx2_x62_y35_s100,scene216_tx2_x51_y35_s128,216,2,62,35,100,51,35,128,11,0,79,46,16,0.250400,0.749600,0.290556,0.260907,0.398163,4,20,8,1,0.350240,4.309655
259,scene216_tx50_x97_y16_s100,scene216_tx50_x73_y2_s128,216,50,97,16,100,73,2,128,24,14,16,71,16,0.211900,0.788100,0.202500,0.269391,0.265691,4,20,7,2,0.467673,4.453598
260,scene216_tx58_x45_y24_s100,scene216_tx58_x19_y21_s128,216,58,45,24,100,19,21,128,26,3,28,35,16,0.249600,0.750400,0.308611,0.336219,0.221955,4,20,6,3,0.388221,4.988255
261,scene216_tx68_x140_y79_s100,scene216_tx68_x112_y67_s128,216,68,140,79,100,112,67,128,28,12,58,54,16,0.225700,0.774300,0.300278,0.266794,0.317235,4,18,6,3,0.244129,5.203601
262,scene216_tx7_x113_y78_s100,scene216_tx7_x99_y78_s128,216,7,113,78,100,99,78,128,14,0,16,52,16,0.178300,0.821700,0.188333,0.206025,0.332586,3,18,5,2,0.411666,4.217837
263,scene217_tx54_x115_y136_s100,scene217_tx54_x95_y120_s128,217,54,115,136,100,95,120,128,20,16,43,55,16,0.193500,0.806500,0.267500,0.222645,0.335401,4,17,6,1,0.437209,4.474698
264,scene217_tx60_x109_y120_s100,scene217_tx60_x81_y92_s128,217,60,109,120,100,81,92,128,28,28,81,80,16,0.235500,0.764500,0.301667,0.288435,0.292569,4,21,5,1,0.359236,4.204272
265,scene218_tx16_x93_y72_s100,scene218_tx16_x90_y61_s128,218,16,93,72,100,90,61,128,3,11,74,73,16,0.135800,0.864200,0.130556,0.141101,0.399853,4,14,4,1,0.542710,2.945936
266,scene218_tx20_x149_y86_s100,scene218_tx20_x121_y84_s128,218,20,149,86,100,121,84,128,28,2,48,27,16,0.193900,0.806100,0.225000,0.212258,0.367715,4,14,5,1,0.674059,4.076524
267,scene218_tx27_x44_y124_s100,scene218_tx27_x27_y96_s128,218,27,44,124,100,27,96,128,17,28,60,76,16,0.255300,0.744700,0.325556,0.306267,0.307090,4,18,6,1,0.354877,4.390770
268,scene218_tx60_x93_y72_s100,scene218_tx60_x68_y46_s128,218,60,93,72,100,68,46,128,25,26,68,51,16,0.135800,0.864200,0.130556,0.141101,0.399853,4,14,4,1,0.542710,3.169936
269,scene219_tx44_x58_y116_s100,scene219_tx44_x31_y98_s128,219,44,58,116,100,31,98,128,27,18,32,83,16,0.197300,0.802700,0.199722,0.206717,0.394830,4,19,6,1,0.334009,4.109867
270,scene219_tx62_x56_y57_s100,scene219_tx62_x28_y39_s128,219,62,56,57,100,28,39,128,28,18,37,45,16,0.171300,0.828700,0.221111,0.223511,0.246351,4,19,7,3,0.286048,5.202935
271,scene220_tx13_x49_y120_s100,scene220_tx13_x44_y94_s128,220,13,49,120,100,44,94,128,5,26,68,64,16,0.175200,0.824800,0.263889,0.217971,0.281393,4,16,7,3,0.336758,4.992179
272,scene220_tx36_x21_y126_s100,scene220_tx36_x10_y100_s128,220,36,21,126,100,10,100,128,11,26,37,56,16,0.174300,0.825700,0.201944,0.234591,0.222605,4,18,6,3,0.300057,5.210823
273,scene220_tx3_x127_y111_s100,scene220_tx3_x127_y83_s128,220,3,127,111,100,127,83,128,0,28,49,78,16,0.167500,0.832500,0.261667,0.231648,0.201194,4,16,5,3,0.354030,5.107940
274,scene220_tx61_x109_y94_s100,scene220_tx61_x83_y66_s128,220,61,109,94,100,83,66,128,26,28,21,53,16,0.226700,0.773300,0.256389,0.238227,0.393030,4,18,8,2,0.284517,4.649632
275,scene220_tx78_x86_y105_s100,scene220_tx78_x71_y105_s128,220,78,86,105,100,71,105,128,15,0,60,59,16,0.259700,0.740300,0.172778,0.270256,0.398922,4,19,7,1,0.247208,4.322917
276,scene220_tx7_x130_y113_s100,scene220_tx7_x102_y86_s128,220,7,130,113,100,102,86,128,28,27,57,83,16,0.162500,0.837500,0.263333,0.222472,0.209231,4,14,5,3,0.360615,5.004369
277,scene222_tx18_x24_y7_s100,scene222_tx18_x9_y3_s128,222,18,24,7,100,9,3,128,15,4,43,56,16,0.189000,0.811000,0.332500,0.277528,0.151852,4,16,5,3,0.520635,5.145206
278,scene222_tx1_x68_y60_s100,scene222_tx1_x40_y56_s128,222,1,68,60,100,40,56,128,28,4,59,57,16,0.174300,0.825700,0.243611,0.266967,0.115318,4,16,4,2,0.488239,4.767536
279,scene222_tx45_x105_y22_s100,scene222_tx45_x77_y15_s128,222,45,105,22,100,77,15,128,28,7,62,37,16,0.249500,0.750500,0.215833,0.260215,0.397595,4,22,7,1,0.238477,4.474923
280,scene222_tx66_x70_y126_s100,scene222_tx66_x56_y98_s128,222,66,70,126,100,56,98,128,14,28,16,53,16,0.220700,0.779300,0.281389,0.243940,0.361577,4,15,4,1,0.554599,3.977635
281,scene225_tx24_x118_y87_s100,scene225_tx24_x118_y68_s128,225,24,118,87,100,118,68,128,0,19,44,72,16,0.197600,0.802400,0.268056,0.248096,0.274798,4,20,8,2,0.415992,4.705184
282,scene227_tx75_x149_y118_s100,scene227_tx75_x121_y118_s128,227,75,149,118,100,121,118,128,28,0,38,64,16,0.179100,0.820900,0.224167,0.219875,0.290899,4,16,8,3,0.247906,5.119126
283,scene228_tx53_x24_y95_s100,scene228_tx53_x8_y67_s128,228,53,24,95,100,8,67,128,16,28,48,67,16,0.173000,0.827000,0.194444,0.196330,0.344509,4,18,6,1,0.533526,4.153083
284,scene228_tx55_x29_y126_s100,scene228_tx55_x20_y124_s128,228,55,29,126,100,20,124,128,9,2,25,72,16,0.146000,0.854000,0.200000,0.184730,0.269178,4,14,5,2,0.306164,4.466389
285,scene229_tx10_x69_y39_s100,scene229_tx10_x62_y39_s128,229,10,69,39,100,62,39,128,7,0,72,47,16,0.259100,0.740900,0.441667,0.363227,0.190274,4,19,5,1,0.367426,4.607655
286,scene229_tx40_x17_y127_s100,scene229_tx40_x0_y101_s128,229,40,17,127,100,0,101,128,17,26,81,74,16,0.209200,0.790800,0.256944,0.243075,0.328872,4,20,7,3,0.247610,4.842505
287,scene229_tx65_x18_y121_s100,scene229_tx65_x15_y113_s128,229,65,18,121,100,15,113,128,3,8,81,40,16,0.199500,0.800500,0.258611,0.235284,0.318797,4,18,7,3,0.250627,4.963880
288,scene229_tx7_x88_y110_s100,scene229_tx7_x71_y88_s128,229,7,88,110,100,71,88,128,17,22,77,78,16,0.254800,0.745200,0.450000,0.315097,0.285714,4,17,4,1,0.691130,3.801792
289,scene230_tx1_x107_y90_s100,scene230_tx1_x101_y90_s128,230,1,107,90,100,101,90,128,6,0,83,39,16,0.260000,0.740000,0.270833,0.293283,0.348462,4,19,8,4,0.385769,4.782654
290,scene231_tx17_x85_y119_s100,scene231_tx17_x57_y118_s128,231,17,85,119,100,57,118,128,28,1,76,32,16,0.248000,0.752000,0.228056,0.261080,0.391935,4,22,11,5,0.245565,4.856669
291,scene231_tx62_x40_y37_s100,scene231_tx62_x12_y35_s128,231,62,40,37,100,12,35,128,28,2,68,53,16,0.225400,0.774600,0.248056,0.258830,0.336735,4,23,12,6,0.439663,4.932222
292,scene232_tx71_x126_y19_s100,scene232_tx71_x98_y4_s128,232,71,126,19,100,98,4,128,28,15,20,63,16,0.259800,0.740200,0.387778,0.309730,0.311393,4,17,7,2,0.362972,4.588987
293,scene234_tx19_x118_y106_s100,scene234_tx19_x110_y78_s128,234,19,118,106,100,110,78,128,8,28,50,74,16,0.238500,0.761500,0.317778,0.300381,0.272537,4,20,7,2,0.354298,4.795421
294,scene234_tx22_x108_y23_s100,scene234_tx22_x80_y11_s128,234,22,108,23,100,80,11,128,28,12,78,48,16,0.247800,0.752200,0.320833,0.327389,0.236885,4,23,10,3,0.463277,4.958789
295,scene235_tx16_x5_y103_s100,scene235_tx16_x0_y91_s128,235,16,5,103,100,0,91,128,5,12,50,16,16,0.244600,0.755400,0.268333,0.284972,0.327065,4,20,7,2,0.281276,4.715708
296,scene235_tx43_x115_y89_s100,scene235_tx43_x115_y63_s128,235,43,115,89,100,115,63,128,0,26,24,38,16,0.219600,0.780400,0.277778,0.282029,0.258197,4,17,5,1,0.480874,4.320044
297,scene236_tx61_x90_y94_s100,scene236_tx61_x63_y83_s128,236,61,90,94,100,63,83,128,27,11,79,34,16,0.163600,0.836400,0.164722,0.181267,0.360024,4,14,5,1,0.413814,3.743991
298,scene236_tx70_x123_y86_s100,scene236_tx70_x104_y84_s128,236,70,123,86,100,104,84,128,19,2,18,16,16,0.143700,0.856300,0.204722,0.192694,0.225470,4,16,6,2,0.620042,4.127790
299,scene236_tx9_x128_y149_s100,scene236_tx9_x109_y123_s128,236,9,128,149,100,109,123,128,19,26,26,16,16,0.198400,0.801600,0.277500,0.260388,0.241935,4,18,8,4,0.479839,4.713823
300,scene237_tx10_x119_y103_s100,scene237_tx10_x111_y91_s128,237,10,119,103,100,111,91,128,8,12,50,39,16,0.226600,0.773400,0.246667,0.238400,0.392321,4,22,8,1,0.473522,4.381712
301,scene237_tx46_x77_y87_s100,scene237_tx46_x54_y73_s128,237,46,77,87,100,54,73,128,23,14,83,77,16,0.237700,0.762300,0.222778,0.247057,0.399663,4,21,10,2,0.324779,4.381436
302,scene237_tx59_x112_y53_s100,scene237_tx59_x112_y46_s128,237,59,112,53,100,112,46,128,0,7,54,21,16,0.225600,0.774400,0.221667,0.234418,0.399823,4,18,8,2,0.342642,4.581168
303,scene237_tx63_x114_y21_s100,scene237_tx63_x96_y16_s128,237,63,114,21,100,96,16,128,18,5,78,34,16,0.259000,0.741000,0.264167,0.271814,0.393822,4,19,8,3,0.390347,4.724100
304,scene237_tx66_x68_y109_s100,scene237_tx66_x68_y109_s128,237,66,68,109,100,68,109,128,0,0,24,82,16,0.200100,0.799900,0.244167,0.228186,0.341329,4,22,7,2,0.338831,4.454791
305,scene237_tx77_x39_y70_s100,scene237_tx77_x11_y70_s128,237,77,39,70,100,11,70,128,28,0,63,65,16,0.169000,0.831000,0.169167,0.180402,0.383432,4,16,8,4,0.317160,4.498614
306,scene238_tx27_x48_y117_s100,scene238_tx27_x20_y89_s128,238,27,48,117,100,20,89,128,28,28,50,54,16,0.252700,0.747300,0.296389,0.281337,0.356945,4,19,7,2,0.300752,4.902323
307,scene238_tx32_x53_y120_s100,scene238_tx32_x53_y112_s128,238,32,53,120,100,53,112,128,0,8,19,72,16,0.260000,0.740000,0.311111,0.293802,0.347308,4,18,7,2,0.292308,4.529487
308,scene238_tx56_x41_y48_s100,scene238_tx56_x39_y30_s128,238,56,41,48,100,39,30,128,2,18,16,41,16,0.160300,0.839700,0.192222,0.209314,0.245789,4,17,9,5,0.447286,4.745766
309,scene239_tx13_x77_y46_s100,scene239_tx13_x73_y33_s128,239,13,77,46,100,73,33,128,4,13,16,17,16,0.176900,0.823100,0.220833,0.209661,0.315432,3,15,5,1,0.338609,3.891003
310,scene239_tx25_x114_y114_s100,scene239_tx25_x88_y99_s128,239,25,114,114,100,88,99,128,26,15,75,83,16,0.196600,0.803400,0.245278,0.204294,0.399797,4,19,8,4,0.426246,4.486951
311,scene239_tx69_x108_y121_s100,scene239_tx69_x108_y121_s128,239,69,108,121,100,108,121,128,0,0,75,41,16,0.155000,0.845000,0.247500,0.175035,0.347742,4,13,7,4,0.465161,4.546799
312,scene23_tx27_x62_y103_s100,scene23_tx27_x39_y102_s128,23,27,62,103,100,39,102,128,23,1,18,57,16,0.258500,0.741500,0.368611,0.277008,0.381044,3,16,8,3,0.253772,4.702352
313,scene23_tx67_x52_y91_s100,scene23_tx67_x36_y83_s128,23,67,52,91,100,36,83,128,16,8,41,23,16,0.259800,0.740200,0.288611,0.293109,0.348345,4,17,11,3,0.252502,4.966734
314,scene240_tx24_x98_y97_s100,scene240_tx24_x70_y97_s128,240,24,98,97,100,70,97,128,28,0,54,52,16,0.236500,0.763500,0.306667,0.268179,0.345032,4,19,9,2,0.399154,4.812056
315,scene240_tx51_x85_y88_s100,scene240_tx51_x57_y60_s128,240,51,85,88,100,57,60,128,28,28,76,54,16,0.254700,0.745300,0.301111,0.272334,0.382411,4,22,7,1,0.370632,4.334205
316,scene241_tx15_x6_y129_s100,scene241_tx15_x1_y120_s128,241,15,6,129,100,1,120,128,5,9,71,40,16,0.231800,0.768200,0.270833,0.242382,0.396031,4,23,12,3,0.281708,4.923225
317,scene241_tx28_x117_y23_s100,scene241_tx28_x111_y12_s128,241,28,117,23,100,111,12,128,6,11,83,36,16,0.182300,0.817700,0.228889,0.224550,0.288535,4,18,6,3,0.284696,4.921532
318,scene241_tx36_x127_y109_s100,scene241_tx36_x99_y81_s128,241,36,127,109,100,99,81,128,28,28,61,56,16,0.205600,0.794400,0.227222,0.226627,0.363327,4,22,12,6,0.194553,5.152911
319,scene241_tx4_x118_y69_s100,scene241_tx4_x97_y69_s128,241,4,118,69,100,97,69,128,21,0,55,20,16,0.221700,0.778300,0.204444,0.239785,0.375282,4,21,8,3,0.238160,4.955318
320,scene241_tx57_x75_y26_s100,scene241_tx57_x55_y9_s128,241,57,75,26,100,55,9,128,20,17,50,54,16,0.161600,0.838400,0.198056,0.181787,0.350248,4,13,8,4,0.180074,5.063589
321,scene241_tx69_x92_y116_s100,scene241_tx69_x88_y116_s128,241,69,92,116,100,88,116,128,4,0,83,69,16,0.227400,0.772600,0.242222,0.258483,0.343448,4,20,10,2,0.279244,4.553877
322,scene241_tx72_x125_y65_s100,scene241_tx72_x110_y37_s128,241,72,125,65,100,110,37,128,15,28,50,64,16,0.212600,0.787400,0.232778,0.223338,0.393227,4,18,8,3,0.276576,5.067210
323,scene241_tx8_x129_y95_s100,scene241_tx8_x126_y95_s128,241,8,129,95,100,126,95,128,3,0,34,45,16,0.221500,0.778500,0.259167,0.233206,0.391874,4,23,12,4,0.206321,5.076063
324,scene242_tx10_x131_y65_s100,scene242_tx10_x105_y52_s128,242,10,131,65,100,105,52,128,26,13,32,65,16,0.126400,0.873600,0.112500,0.132098,0.396361,3,12,5,1,0.291139,3.073045
325,scene242_tx29_x37_y116_s100,scene242_tx29_x15_y106_s128,242,29,37,116,100,15,106,128,22,10,17,73,16,0.256600,0.743400,0.448056,0.403393,0.091972,4,15,4,3,0.420499,4.803185
326,scene243_tx58_x37_y38_s100,scene243_tx58_x25_y30_s128,243,58,37,38,100,25,30,128,12,8,28,16,16,0.178900,0.821100,0.192500,0.189924,0.386808,3,16,7,1,0.276691,3.788923
327,scene245_tx0_x143_y124_s100,scene245_tx0_x115_y96_s128,245,0,143,124,100,115,96,128,28,28,35,56,16,0.241700,0.758300,0.257500,0.292244,0.301614,4,19,8,5,0.322300,5.079993
328,scene245_tx25_x95_y69_s100,scene245_tx25_x77_y41_s128,245,25,95,69,100,77,41,128,18,28,77,82,16,0.226900,0.773100,0.160833,0.235976,0.399295,4,16,5,1,0.477303,3.711774
329,scene245_tx51_x67_y49_s100,scene245_tx51_x67_y35_s128,245,51,67,49,100,67,35,128,0,14,32,45,16,0.253500,0.746500,0.363889,0.333622,0.239842,4,15,4,1,0.549507,4.240300
330,scene245_tx77_x38_y50_s100,scene245_tx77_x23_y22_s128,245,77,38,50,100,23,22,128,15,28,26,20,16,0.252200,0.747800,0.388611,0.369287,0.154243,3,17,4,1,0.552339,3.892470
331,scene246_tx50_x56_y49_s100,scene246_tx50_x28_y44_s128,246,50,56,49,100,28,44,128,28,5,66,62,16,0.210200,0.789800,0.212222,0.246191,0.323501,4,20,7,2,0.323026,4.730408
332,scene246_tx64_x133_y63_s100,scene246_tx64_x107_y45_s128,246,64,133,63,100,107,45,128,26,18,50,50,16,0.215000,0.785000,0.252222,0.261427,0.297674,4,19,5,1,0.292093,4.746574
333,scene247_tx58_x61_y105_s100,scene247_tx58_x33_y81_s128,247,58,61,105,100,33,81,128,28,24,69,83,16,0.149500,0.850500,0.171111,0.186288,0.280268,4,18,5,2,0.319064,4.207750
334,scene247_tx66_x64_y110_s100,scene247_tx66_x54_y88_s128,247,66,64,110,100,54,88,128,10,22,65,83,16,0.148400,0.851600,0.165556,0.164474,0.359838,4,19,6,2,0.305256,3.998815
335,scene248_tx46_x76_y129_s100,scene248_tx46_x48_y103_s128,248,46,76,129,100,48,103,128,28,26,57,66,16,0.216900,0.783100,0.235000,0.239266,0.362840,4,19,8,2,0.424159,4.632183
336,scene248_tx59_x14_y48_s100,scene248_tx59_x14_y48_s128,248,59,14,48,100,14,48,128,0,0,43,67,16,0.218800,0.781200,0.242778,0.252597,0.333181,4,19,7,2,0.399452,4.682010
337,scene248_tx69_x92_y73_s100,scene248_tx69_x74_y73_s128,248,69,92,73,100,74,73,128,18,0,50,45,16,0.254800,0.745200,0.320000,0.287742,0.347724,4,23,13,6,0.191915,5.270008
338,scene248_tx70_x14_y38_s100,scene248_tx70_x0_y15_s128,248,70,14,38,100,0,15,128,14,23,59,50,16,0.208000,0.792000,0.250000,0.258657,0.281731,4,19,8,2,0.369712,4.890516
339,scene248_tx75_x64_y26_s100,scene248_tx75_x49_y23_s128,248,75,64,26,100,49,23,128,15,3,50,44,16,0.256700,0.743300,0.321944,0.336392,0.243085,4,21,6,2,0.296455,5.026821
340,scene24_tx10_x134_y91_s100,scene24_tx10_x122_y91_s128,24,10,134,91,100,122,91,128,12,0,29,19,16,0.244100,0.755900,0.375556,0.319252,0.244572,4,17,9,5,0.179435,5.029023
341,scene24_tx22_x112_y86_s100,scene24_tx22_x92_y75_s128,24,22,112,86,100,92,75,128,20,11,16,19,16,0.201700,0.798300,0.248611,0.210007,0.398612,3,16,8,3,0.217154,4.451719
342,scene24_tx38_x54_y63_s100,scene24_tx38_x26_y54_s128,24,38,54,63,100,26,54,128,28,9,77,40,16,0.258300,0.741700,0.383889,0.303497,0.321332,4,18,9,4,0.166473,5.068576
343,scene251_tx28_x124_y120_s100,scene251_tx28_x96_y105_s128,251,28,124,120,100,96,105,128,28,15,64,50,16,0.254100,0.745900,0.213889,0.283760,0.354978,4,22,9,4,0.180244,5.199806
344,scene251_tx65_x119_y118_s100,scene251_tx65_x119_y116_s128,251,65,119,118,100,119,116,128,0,2,38,24,16,0.251300,0.748700,0.216944,0.281683,0.352567,4,20,10,3,0.194190,4.998149
345,scene252_tx12_x48_y4_s100,scene252_tx12_x38_y4_s128,252,12,48,4,100,38,4,128,10,0,51,79,16,0.225600,0.774400,0.281389,0.267486,0.315160,4,18,7,2,0.434397,4.624184
346,scene252_tx14_x20_y135_s100,scene252_tx14_x12_y123_s128,252,14,20,135,100,12,123,128,8,12,36,67,16,0.215000,0.785000,0.198056,0.224030,0.398140,4,20,7,1,0.206047,4.441846
347,scene252_tx57_x25_y135_s100,scene252_tx57_x20_y109_s128,252,57,25,135,100,20,109,128,5,26,50,66,16,0.218400,0.781600,0.200278,0.235457,0.377289,4,18,8,1,0.231685,4.577403
348,scene252_tx67_x24_y121_s100,scene252_tx67_x0_y110_s128,252,67,24,121,100,0,110,128,24,11,46,53,16,0.237900,0.762100,0.199722,0.247576,0.398907,4,22,8,1,0.232871,4.620450
349,scene253_tx30_x23_y61_s100,scene253_tx30_x23_y60_s128,253,30,23,61,100,23,60,128,0,1,34,41,16,0.154700,0.845300,0.203889,0.228186,0.148028,4,20,7,3,0.360698,5.197738
350,scene253_tx3_x59_y32_s100,scene253_tx3_x59_y24_s128,253,3,59,32,100,59,24,128,0,8,22,35,16,0.213800,0.786200,0.253611,0.225416,0.391020,4,20,12,4,0.188494,4.917132
351,scene253_tx44_x127_y122_s100,scene253_tx44_x119_y94_s128,253,44,127,122,100,119,94,128,8,28,50,79,16,0.204400,0.795600,0.225000,0.246191,0.304305,4,21,9,3,0.226517,5.098969
352,scene253_tx65_x103_y111_s100,scene253_tx65_x78_y111_s128,253,65,103,111,100,78,111,128,25,0,16,48,16,0.174900,0.825100,0.234444,0.209834,0.307033,4,19,9,3,0.264723,4.949858
353,scene254_tx13_x123_y103_s100,scene254_tx13_x95_y75_s128,254,13,123,103,100,95,75,128,28,28,51,65,16,0.222100,0.777900,0.262778,0.237708,0.381810,4,17,7,2,0.255290,4.817400
354,scene254_tx37_x18_y91_s100,scene254_tx37_x5_y83_s128,254,37,18,91,100,5,83,128,13,8,46,49,16,0.175600,0.824400,0.235278,0.220568,0.274487,4,19,6,3,0.548975,5.036538
355,scene254_tx42_x120_y62_s100,scene254_tx42_x95_y55_s128,254,42,120,62,100,95,55,128,25,7,70,51,16,0.188800,0.811200,0.225833,0.226454,0.307203,4,18,6,2,0.247352,4.874073
356,scene254_tx70_x28_y123_s100,scene254_tx70_x28_y117_s128,254,70,28,123,100,28,117,128,0,6,72,67,16,0.258400,0.741600,0.313056,0.292417,0.346362,4,19,7,4,0.569272,4.660020
357,scene255_tx15_x43_y36_s100,scene255_tx15_x43_y31_s128,255,15,43,36,100,43,31,128,0,5,37,27,16,0.174500,0.825500,0.184444,0.182652,0.395415,4,13,6,3,0.603438,4.281804
358,scene255_tx40_x30_y56_s100,scene255_tx40_x6_y28_s128,255,40,30,56,100,6,28,128,24,28,80,54,16,0.227600,0.772400,0.292500,0.239958,0.391037,4,17,9,3,0.516257,4.694125
359,scene255_tx52_x80_y79_s100,scene255_tx52_x53_y79_s128,255,52,80,79,100,53,79,128,27,0,50,79,16,0.203000,0.797000,0.248889,0.235976,0.328571,4,17,9,5,0.254187,5.044946
360,scene255_tx58_x89_y75_s100,scene255_tx58_x61_y64_s128,255,58,89,75,100,61,64,128,28,11,72,75,16,0.197600,0.802400,0.286111,0.253463,0.259109,4,16,8,4,0.326417,4.919294
361,scene257_tx6_x88_y81_s100,scene257_tx6_x62_y60_s128,257,6,88,81,100,62,60,128,26,21,68,83,16,0.213700,0.786300,0.242778,0.247230,0.331774,4,20,5,1,0.448292,4.157076
362,scene257_tx9_x101_y35_s100,scene257_tx9_x76_y26_s128,257,9,101,35,100,76,26,128,25,9,44,50,16,0.185600,0.814400,0.221389,0.220222,0.314655,4,19,6,1,0.581897,4.417374
363,scene258_tx6_x20_y23_s100,scene258_tx6_x13_y14_s128,258,6,20,23,100,13,14,128,7,9,83,83,16,0.150000,0.850000,0.180833,0.177285,0.317333,3,15,4,1,0.558000,3.228511
364,scene259_tx28_x138_y59_s100,scene259_tx28_x125_y59_s128,259,28,138,59,100,125,59,128,13,0,50,31,16,0.192600,0.807400,0.230278,0.230609,0.308411,4,24,7,2,0.296989,4.843950
365,scene259_tx75_x23_y47_s100,scene259_tx75_x23_y38_s128,259,75,23,47,100,23,38,128,0,9,47,19,16,0.120000,0.880000,0.164722,0.136427,0.343333,4,14,8,5,0.227500,4.308451
366,scene261_tx21_x68_y55_s100,scene261_tx21_x47_y46_s128,261,21,68,55,100,47,46,128,21,9,21,73,16,0.154400,0.845600,0.199722,0.211911,0.207254,4,17,9,6,0.319948,4.901278
367,scene261_tx34_x138_y115_s100,scene261_tx34_x111_y115_s128,261,34,138,115,100,111,115,128,27,0,55,59,16,0.232500,0.767500,0.245556,0.247749,0.384516,4,18,10,6,0.226237,5.122968
368,scene261_tx51_x142_y40_s100,scene261_tx51_x114_y30_s128,261,51,142,40,100,114,30,128,28,10,60,26,16,0.239900,0.760100,0.215278,0.255194,0.385577,4,20,9,4,0.208420,4.977729
369,scene262_tx45_x50_y97_s100,scene262_tx45_x50_y74_s128,262,45,50,97,100,50,74,128,0,23,55,50,16,0.160200,0.839800,0.227222,0.188019,0.322097,4,18,9,5,0.230337,5.091740
370,scene262_tx60_x51_y53_s100,scene262_tx60_x51_y27_s128,262,60,51,53,100,51,27,128,0,26,44,31,16,0.120400,0.879600,0.148889,0.155125,0.255814,3,11,9,7,0.306478,4.130549
371,scene263_tx11_x53_y103_s100,scene263_tx11_x53_y83_s128,263,11,53,103,100,53,83,128,0,20,63,83,16,0.142500,0.857500,0.204167,0.177632,0.280000,4,16,5,2,0.326316,4.404549
372,scene263_tx77_x88_y103_s100,scene263_tx77_x83_y85_s128,263,77,88,103,100,83,85,128,5,18,50,70,16,0.192700,0.807300,0.231389,0.206544,0.380903,4,20,8,2,0.382460,4.598641
373,scene264_tx30_x106_y64_s100,scene264_tx30_x106_y64_s128,264,30,106,64,100,106,64,128,0,0,71,34,16,0.197500,0.802500,0.250000,0.213296,0.376203,4,13,2,1,0.562532,3.596380
374,scene264_tx60_x6_y139_s100,scene264_tx60_x1_y111_s128,264,60,6,139,100,1,111,128,5,28,55,42,16,0.163300,0.836700,0.201667,0.219183,0.224740,4,18,4,1,0.353337,4.510518
375,scene264_tx6_x82_y62_s100,scene264_tx6_x54_y62_s128,264,6,82,62,100,54,62,128,28,0,54,25,16,0.227600,0.772400,0.314167,0.275796,0.300088,4,15,3,1,0.488137,4.015238
376,scene265_tx21_x39_y99_s100,scene265_tx21_x24_y71_s128,265,21,39,99,100,24,71,128,15,28,24,30,16,0.231700,0.768300,0.295833,0.267140,0.334053,4,17,4,1,0.498489,3.989163
377,scene265_tx44_x82_y115_s100,scene265_tx44_x74_y96_s128,265,44,82,115,100,74,96,128,8,19,79,72,16,0.201800,0.798200,0.236389,0.252424,0.277502,4,19,8,2,0.421705,4.512796
378,scene265_tx55_x28_y134_s100,scene265_tx55_x28_y107_s128,265,55,28,134,100,28,107,128,0,27,48,64,16,0.233600,0.766400,0.308333,0.300035,0.258134,4,19,7,4,0.484161,5.026495
379,scene265_tx57_x38_y30_s100,scene265_tx57_x10_y30_s128,265,57,38,30,100,10,30,128,28,0,78,23,16,0.194500,0.805500,0.273056,0.234418,0.303856,4,18,5,1,0.325964,4.268672
380,scene266_tx1_x37_y55_s100,scene266_tx1_x11_y52_s128,266,1,37,55,100,11,52,128,26,3,50,22,16,0.200300,0.799700,0.243889,0.219702,0.366450,4,17,4,2,0.457813,4.395937
381,scene266_tx42_x29_y27_s100,scene266_tx42_x28_y0_s128,266,42,29,27,100,28,0,128,1,27,27,31,16,0.120000,0.880000,0.164722,0.125000,0.398333,3,11,6,2,0.465000,3.360707
382,scene268_tx74_x28_y129_s100,scene268_tx74_x28_y101_s128,268,74,28,129,100,28,101,128,0,28,38,55,16,0.210600,0.789400,0.298056,0.287569,0.211301,4,19,9,5,0.284900,5.254028
383,scene269_tx27_x100_y120_s100,scene269_tx27_x72_y120_s128,269,27,100,120,100,72,120,128,28,0,56,42,16,0.198800,0.801200,0.213611,0.215547,0.373742,4,21,7,1,0.313380,4.499845
384,scene269_tx5_x112_y49_s100,scene269_tx5_x86_y47_s128,269,5,112,49,100,86,47,128,26,2,72,16,16,0.163200,0.836800,0.177778,0.171399,0.393382,4,18,5,2,0.498162,3.844276
385,scene269_tx67_x105_y97_s100,scene269_tx67_x85_y69_s128,269,67,105,97,100,85,69,128,20,28,21,68,16,0.175700,0.824300,0.225556,0.225069,0.260102,4,20,5,1,0.472396,4.253387
386,scene269_tx68_x39_y110_s100,scene269_tx68_x26_y86_s128,269,68,39,110,100,26,86,128,13,24,19,83,16,0.160000,0.840000,0.174167,0.216932,0.216875,4,19,5,3,0.312500,4.648933
387,scene269_tx76_x44_y40_s100,scene269_tx76_x44_y30_s128,269,76,44,40,100,44,30,128,0,10,60,42,16,0.237900,0.762100,0.325833,0.327735,0.204288,4,16,5,2,0.643127,4.665374
388,scene271_tx75_x109_y128_s100,scene271_tx75_x96_y123_s128,271,75,109,128,100,96,123,128,13,5,83,22,16,0.243700,0.756300,0.202500,0.255194,0.395158,4,20,8,2,0.231022,4.463224
389,scene271_tx8_x103_y107_s100,scene271_tx8_x100_y88_s128,271,8,103,107,100,100,88,128,3,19,26,16,16,0.259700,0.740300,0.313333,0.289301,0.356565,4,22,10,4,0.217944,4.811972
390,scene272_tx12_x92_y96_s100,scene272_tx12_x81_y96_s128,272,12,92,96,100,81,96,128,11,0,55,21,16,0.191500,0.808500,0.207500,0.249307,0.248042,4,19,8,2,0.495039,4.618148
391,scene272_tx42_x144_y70_s100,scene272_tx42_x124_y70_s128,272,42,144,70,100,124,70,128,20,0,35,24,16,0.217100,0.782900,0.219444,0.240824,0.359281,4,17,6,2,0.455090,4.464615
392,scene273_tx46_x67_y14_s100,scene273_tx46_x40_y9_s128,273,46,67,14,100,40,9,128,27,5,29,44,16,0.141000,0.859000,0.201667,0.177805,0.271631,4,17,11,7,0.225532,4.924908
393,scene273_tx75_x30_y41_s100,scene273_tx75_x10_y15_s128,273,75,30,41,100,10,15,128,20,26,58,16,16,0.197100,0.802900,0.199444,0.214855,0.370370,4,18,11,4,0.205987,4.902213
394,scene273_tx9_x32_y45_s100,scene273_tx9_x8_y28_s128,273,9,32,45,100,8,28,128,24,17,70,36,16,0.203700,0.796300,0.199722,0.231129,0.344624,4,21,10,4,0.210113,5.023405
395,scene275_tx49_x60_y111_s100,scene275_tx49_x43_y83_s128,275,49,60,111,100,43,83,128,17,28,77,78,16,0.253000,0.747000,0.255000,0.281337,0.357708,4,21,7,3,0.425692,4.647628
396,scene275_tx8_x38_y87_s100,scene275_tx8_x26_y73_s128,275,8,38,87,100,26,73,128,12,14,27,55,16,0.196100,0.803900,0.218611,0.217105,0.360530,4,17,8,6,0.350841,4.911817
397,scene276_tx21_x19_y88_s100,scene276_tx21_x19_y88_s128,276,21,19,88,100,19,88,128,0,0,45,82,16,0.248900,0.751100,0.271389,0.297438,0.309763,4,23,8,3,0.293290,4.968323
398,scene276_tx24_x43_y146_s100,scene276_tx24_x40_y122_s128,276,24,43,146,100,40,122,128,3,24,45,23,16,0.258700,0.741300,0.311111,0.269564,0.398145,4,22,7,2,0.328179,4.604198
399,scene276_tx59_x114_y57_s100,scene276_tx59_x98_y51_s128,276,59,114,57,100,98,51,128,16,6,63,45,16,0.259600,0.740400,0.214167,0.290166,0.354391,4,23,9,3,0.243451,5.111624
400,scene278_tx78_x17_y118_s100,scene278_tx78_x17_y96_s128,278,78,17,118,100,17,96,128,0,22,45,30,16,0.138000,0.862000,0.206667,0.179882,0.247101,4,15,7,3,0.418841,4.807698
401,scene279_tx49_x9_y130_s100,scene279_tx49_x0_y122_s128,279,49,9,130,100,0,122,128,9,8,61,55,16,0.192300,0.807700,0.237778,0.221087,0.335933,4,18,8,2,0.360894,4.777408
402,scene279_tx9_x129_y112_s100,scene279_tx9_x101_y112_s128,279,9,129,112,100,101,112,128,28,0,69,19,16,0.183300,0.816700,0.211111,0.212604,0.330060,4,17,6,2,0.636116,4.224415
403,scene27_tx23_x109_y59_s100,scene27_tx23_x107_y59_s128,27,23,109,59,100,107,59,128,2,0,73,30,16,0.256800,0.743200,0.310556,0.267313,0.398754,4,21,10,3,0.244548,4.857402
404,scene27_tx29_x124_y131_s100,scene27_tx29_x114_y110_s128,27,29,124,131,100,114,110,128,10,21,56,61,16,0.259000,0.741000,0.353889,0.340547,0.240541,4,20,12,6,0.169498,5.322803
405,scene27_tx34_x35_y46_s100,scene27_tx34_x35_y46_s128,27,34,35,46,100,35,46,128,0,0,38,58,16,0.209700,0.790300,0.267500,0.309384,0.147830,3,17,4,2,0.488794,4.496023
406,scene27_tx3_x121_y129_s100,scene27_tx3_x93_y105_s128,27,3,121,129,100,93,105,128,28,24,59,54,16,0.259000,0.741000,0.332778,0.335699,0.251351,4,21,11,7,0.169498,5.341830
407,scene281_tx59_x126_y81_s100,scene281_tx59_x99_y81_s128,281,59,126,81,100,99,81,128,27,0,73,18,16,0.259900,0.740100,0.358056,0.328082,0.270873,4,16,6,2,0.275875,4.619997
408,scene281_tx62_x138_y51_s100,scene281_tx62_x118_y23_s128,281,62,138,51,100,118,23,128,20,28,36,64,16,0.161300,0.838700,0.199722,0.170360,0.389957,3,11,6,1,0.384997,3.780514
409,scene282_tx49_x55_y40_s100,scene282_tx49_x55_y40_s128,282,49,55,40,100,55,40,128,0,0,28,16,16,0.173500,0.826500,0.260278,0.201524,0.329107,4,19,6,1,0.274352,4.176042
410,scene282_tx74_x58_y49_s100,scene282_tx74_x51_y23_s128,282,74,58,49,100,51,23,128,7,26,83,51,16,0.150600,0.849400,0.216944,0.193213,0.258964,4,15,5,1,0.342629,4.329434
411,scene282_tx75_x84_y94_s100,scene282_tx75_x84_y81_s128,282,75,84,94,100,84,81,128,0,13,39,54,16,0.166600,0.833400,0.149167,0.176766,0.387155,4,16,7,2,0.459784,4.043286
412,scene282_tx77_x90_y42_s100,scene282_tx77_x90_y19_s128,282,77,90,42,100,90,19,128,0,23,83,79,16,0.163100,0.836900,0.179167,0.172784,0.388105,4,15,5,1,0.438994,3.606470
413,scene282_tx78_x123_y126_s100,scene282_tx78_x123_y126_s128,282,78,123,126,100,123,126,128,0,0,70,38,16,0.227900,0.772100,0.260278,0.277355,0.297060,4,18,6,2,0.453708,4.612524
414,scene282_tx9_x71_y92_s100,scene282_tx9_x43_y87_s128,282,9,71,92,100,43,87,128,28,5,32,52,16,0.151600,0.848400,0.158889,0.158414,0.396438,4,16,8,1,0.424802,3.724918
415,scene283_tx20_x107_y124_s100,scene283_tx20_x98_y100_s128,283,20,107,124,100,98,100,128,9,24,76,77,16,0.174400,0.825600,0.227778,0.227320,0.247133,4,16,4,1,0.568234,3.974696
416,scene283_tx28_x128_y42_s100,scene283_tx28_x100_y24_s128,283,28,128,42,100,100,24,128,28,18,60,61,16,0.253900,0.746100,0.254444,0.293975,0.331233,4,23,7,2,0.338716,4.763010
417,scene283_tx4_x113_y75_s100,scene283_tx4_x85_y75_s128,283,4,113,75,100,85,75,128,28,0,81,67,16,0.208600,0.791400,0.260000,0.232687,0.355705,4,19,8,1,0.267498,4.315073
418,scene283_tx8_x130_y42_s100,scene283_tx8_x102_y22_s128,283,8,130,42,100,102,22,128,28,20,60,68,16,0.246000,0.754000,0.255000,0.291378,0.315854,4,24,7,3,0.333740,4.996610
419,scene284_tx40_x19_y92_s100,scene284_tx40_x14_y64_s128,284,40,19,92,100,14,64,128,5,28,50,64,16,0.221000,0.779000,0.273889,0.261773,0.315837,4,19,7,3,0.230769,5.201303
420,scene285_tx14_x109_y58_s100,scene285_tx14_x89_y30_s128,285,14,109,58,100,89,30,128,20,28,77,34,16,0.123900,0.876100,0.211944,0.162396,0.242938,4,12,4,2,0.472962,4.097939
421,scene285_tx62_x110_y56_s100,scene285_tx62_x97_y40_s128,285,62,110,56,100,97,40,128,13,16,73,16,16,0.126300,0.873700,0.202778,0.157895,0.277910,4,12,5,2,0.452098,4.098197
422,scene285_tx64_x94_y76_s100,scene285_tx64_x87_y64_s128,285,64,94,76,100,87,64,128,7,12,63,66,16,0.145300,0.854700,0.277500,0.219875,0.125946,4,12,4,3,0.560220,4.851986
423,scene286_tx17_x46_y92_s100,scene286_tx17_x25_y92_s128,286,17,46,92,100,25,92,128,21,0,65,78,16,0.148100,0.851900,0.149722,0.158934,0.380149,4,15,6,3,0.239703,4.199055
424,scene286_tx18_x36_y65_s100,scene286_tx18_x33_y37_s128,286,18,36,65,100,33,37,128,3,28,63,31,16,0.152500,0.847500,0.196944,0.164127,0.378361,4,16,6,3,0.232787,4.654311
425,scene286_tx28_x15_y88_s100,scene286_tx28_x11_y76_s128,286,28,15,88,100,11,76,128,4,12,47,79,16,0.134300,0.865700,0.221944,0.190789,0.179449,4,12,4,3,0.333582,4.809108
426,scene286_tx38_x20_y83_s100,scene286_tx38_x5_y83_s128,286,38,20,83,100,5,83,128,15,0,78,26,16,0.136500,0.863500,0.223333,0.194079,0.178755,4,12,4,2,0.328205,4.406056
427,scene286_tx45_x55_y80_s100,scene286_tx45_x27_y52_s128,286,45,55,80,100,27,52,128,28,28,60,83,16,0.162500,0.837500,0.199722,0.196330,0.302154,4,15,5,3,0.324308,4.770483
428,scene286_tx50_x72_y94_s100,scene286_tx50_x45_y81_s128,286,50,72,94,100,45,81,128,27,13,66,83,16,0.157900,0.842100,0.150000,0.173130,0.366688,4,12,6,2,0.505383,3.740810
429,scene288_tx11_x102_y108_s100,scene288_tx11_x90_y81_s128,288,11,102,108,100,90,81,128,12,27,34,81,16,0.255600,0.744400,0.232778,0.265755,0.399452,4,23,11,4,0.378326,4.704164
430,scene288_tx49_x131_y144_s100,scene288_tx49_x103_y116_s128,288,49,131,144,100,103,116,128,28,28,64,51,16,0.244200,0.755800,0.253889,0.263331,0.377150,4,24,9,2,0.309173,4.782498
431,scene289_tx49_x105_y139_s100,scene289_tx49_x93_y115_s128,289,49,105,139,100,93,115,128,12,24,83,21,16,0.125800,0.874200,0.180833,0.158241,0.273450,3,11,3,1,0.616057,2.922041
432,scene292_tx28_x49_y24_s100,scene292_tx28_x42_y18_s128,292,28,49,24,100,42,18,128,7,6,60,46,16,0.121000,0.879000,0.201944,0.167763,0.199174,4,11,4,2,0.467769,4.341405
433,scene292_tx34_x137_y107_s100,scene292_tx34_x109_y102_s128,292,34,137,107,100,109,102,128,28,5,52,48,16,0.250000,0.750000,0.344167,0.323061,0.253600,4,21,7,2,0.370400,4.963653
434,scene292_tx56_x49_y65_s100,scene292_tx56_x28_y61_s128,292,56,49,65,100,28,61,128,21,4,59,48,16,0.186400,0.813600,0.190000,0.205506,0.363197,4,18,5,2,0.303648,4.687152
435,scene294_tx16_x23_y101_s100,scene294_tx16_x11_y82_s128,294,16,23,101,100,11,82,128,12,19,50,75,16,0.243600,0.756400,0.254722,0.255194,0.394910,4,19,6,1,0.210181,4.503612
436,scene294_tx50_x11_y141_s100,scene294_tx50_x6_y115_s128,294,50,11,141,100,6,115,128,5,26,51,58,16,0.243000,0.757000,0.218333,0.263504,0.373663,4,19,10,2,0.210700,4.923309
437,scene296_tx14_x24_y136_s100,scene296_tx14_x2_y115_s128,296,14,24,136,100,2,115,128,22,21,83,65,16,0.160900,0.839100,0.201389,0.209314,0.248602,4,16,8,4,0.295836,4.893141
438,scene296_tx38_x99_y123_s100,scene296_tx38_x77_y114_s128,296,38,99,123,100,77,114,128,22,9,16,79,16,0.175900,0.824100,0.203889,0.212604,0.301876,4,19,8,3,0.411597,4.622968
439,scene297_tx15_x34_y51_s100,scene297_tx15_x34_y23_s128,297,15,34,51,100,34,23,128,0,28,28,66,16,0.200200,0.799800,0.198611,0.229917,0.336663,4,20,6,1,0.334665,4.347750
440,scene297_tx42_x33_y50_s100,scene297_tx42_x7_y38_s128,297,42,33,50,100,7,38,128,26,12,60,22,16,0.197200,0.802800,0.200000,0.227147,0.334686,4,22,6,1,0.339757,4.355263
441,scene297_tx7_x71_y40_s100,scene297_tx7_x43_y23_s128,297,7,71,40,100,43,23,128,28,17,64,50,16,0.153900,0.846100,0.203333,0.175381,0.341780,4,19,11,5,0.249513,4.909925
442,scene298_tx0_x140_y38_s100,scene298_tx0_x112_y38_s128,298,0,140,38,100,112,38,128,28,0,60,75,16,0.212100,0.787900,0.233056,0.235457,0.358793,4,17,7,1,0.272041,4.411278
443,scene298_tx29_x117_y115_s100,scene298_tx29_x110_y112_s128,298,29,117,115,100,110,112,128,7,3,35,69,16,0.143300,0.856700,0.244167,0.204120,0.177251,4,17,5,2,0.407537,4.695234
444,scene2_tx41_x90_y154_s100,scene2_tx41_x85_y126_s128,2,41,90,154,100,85,126,128,5,28,73,43,16,0.246700,0.753300,0.202222,0.277181,0.351034,4,24,16,9,0.108634,5.140989
445,scene300_tx12_x110_y62_s100,scene300_tx12_x102_y37_s128,300,12,110,62,100,102,37,128,8,25,60,56,16,0.182200,0.817800,0.131667,0.190963,0.394621,4,14,8,3,0.277168,4.412284
446,scene300_tx29_x89_y34_s100,scene300_tx29_x89_y34_s128,300,29,89,34,100,89,34,128,0,0,23,25,16,0.241700,0.758300,0.341667,0.295360,0.294166,4,15,6,1,0.411667,4.227166
447,scene300_tx45_x91_y92_s100,scene300_tx45_x65_y64_s128,300,45,91,92,100,65,64,128,26,28,38,67,16,0.219400,0.780600,0.276389,0.289301,0.238377,4,19,5,1,0.458523,4.435943
448,scene300_tx54_x110_y29_s100,scene300_tx54_x108_y14_s128,300,54,110,29,100,108,14,128,2,15,82,80,16,0.257900,0.742100,0.269722,0.268871,0.397829,4,15,6,2,0.418379,4.283398
449,scene300_tx65_x24_y44_s100,scene300_tx65_x0_y40_s128,300,65,24,44,100,0,40,128,24,4,52,50,16,0.243100,0.756900,0.249444,0.264716,0.371041,4,18,6,3,0.462773,5.022256
450,scene300_tx70_x119_y109_s100,scene300_tx70_x101_y83_s128,300,70,119,109,100,101,83,128,18,26,83,50,16,0.196400,0.803600,0.284722,0.236150,0.305499,4,13,5,1,0.342159,4.428125
451,scene302_tx18_x91_y94_s100,scene302_tx18_x83_y86_s128,302,18,91,94,100,83,86,128,8,8,65,53,16,0.175600,0.824400,0.136944,0.184211,0.394077,4,12,4,2,0.397494,3.862091
452,scene303_tx38_x78_y18_s100,scene303_tx38_x69_y18_s128,303,38,78,18,100,69,18,128,9,0,49,49,16,0.246700,0.753300,0.337778,0.338296,0.207945,4,19,6,3,0.342521,5.326197
453,scene303_tx67_x75_y104_s100,scene303_tx67_x72_y102_s128,303,67,75,104,100,72,102,128,3,2,16,83,16,0.154700,0.845300,0.188611,0.179882,0.328378,3,12,4,1,0.571429,3.263782
454,scene305_tx10_x38_y49_s100,scene305_tx10_x11_y49_s128,305,10,38,49,100,11,49,128,27,0,33,22,16,0.129800,0.870200,0.205278,0.181960,0.190293,3,12,2,1,0.598613,3.352072
455,scene305_tx59_x94_y50_s100,scene305_tx59_x94_y22_s128,305,59,94,50,100,94,22,128,0,28,23,55,16,0.247900,0.752100,0.323611,0.263158,0.386850,4,21,7,1,0.438887,4.251449
456,scene305_tx60_x127_y56_s100,scene305_tx60_x111_y45_s128,305,60,127,56,100,111,45,128,16,11,50,32,16,0.259800,0.740200,0.356667,0.302285,0.327945,4,21,7,2,0.255966,4.865430
457,scene305_tx67_x46_y40_s100,scene305_tx67_x33_y40_s128,305,67,46,40,100,33,40,128,13,0,31,72,16,0.146100,0.853900,0.293611,0.214335,0.152635,4,12,2,1,0.643395,3.765550
458,scene305_tx71_x68_y131_s100,scene305_tx71_x65_y121_s128,305,71,68,131,100,65,121,128,3,10,16,51,16,0.163100,0.836900,0.223611,0.201004,0.288167,3,14,5,2,0.622931,4.143282
459,scene305_tx9_x91_y105_s100,scene305_tx9_x91_y85_s128,305,9,91,105,100,91,85,128,0,20,20,61,16,0.248200,0.751800,0.262500,0.259176,0.396857,4,19,5,1,0.409347,4.194025
460,scene306_tx79_x73_y127_s100,scene306_tx79_x68_y99_s128,306,79,73,127,100,68,99,128,5,28,27,66,16,0.259100,0.740900,0.315000,0.283241,0.368584,4,21,12,4,0.204168,4.961948
461,scene308_tx31_x91_y58_s100,scene308_tx31_x91_y58_s128,308,31,91,58,100,91,58,128,0,0,24,30,16,0.191800,0.808200,0.225556,0.221434,0.333160,3,13,7,3,0.274765,4.684920
462,scene309_tx53_x112_y120_s100,scene309_tx53_x108_y120_s128,309,53,112,120,100,108,120,128,4,0,83,20,16,0.225300,0.774700,0.355556,0.278913,0.284953,4,17,5,2,0.371505,4.453035
463,scene309_tx75_x67_y130_s100,scene309_tx75_x59_y116_s128,309,75,67,130,100,59,116,128,8,14,16,60,16,0.151300,0.848700,0.272778,0.221434,0.154660,3,11,3,1,0.556510,3.733216
464,scene310_tx21_x53_y106_s100,scene310_tx21_x50_y78_s128,310,21,53,106,100,50,78,128,3,28,83,66,16,0.197200,0.802800,0.150833,0.206891,0.394016,4,16,5,1,0.475659,3.658081
465,scene311_tx15_x44_y41_s100,scene311_tx15_x24_y29_s128,311,15,44,41,100,24,29,128,20,12,50,83,16,0.232900,0.767100,0.421944,0.342971,0.149420,4,16,5,2,0.500215,4.739836
466,scene311_tx29_x32_y40_s100,scene311_tx29_x4_y33_s128,311,29,32,40,100,4,33,128,28,7,60,78,16,0.218200,0.781800,0.295000,0.297784,0.211732,4,14,5,2,0.538038,4.591020
467,scene312_tx11_x102_y112_s100,scene312_tx11_x80_y110_s128,312,11,102,112,100,80,110,128,22,2,50,50,16,0.245100,0.754900,0.278333,0.257791,0.392493,4,19,7,1,0.374949,4.558221
468,scene313_tx62_x114_y106_s100,scene313_tx62_x87_y78_s128,313,62,114,106,100,87,78,128,27,28,50,66,16,0.236400,0.763600,0.395278,0.310596,0.241117,4,17,4,1,0.584179,4.263565
469,scene313_tx79_x124_y99_s100,scene313_tx79_x96_y71_s128,313,79,124,99,100,96,71,128,28,28,66,74,16,0.256300,0.743700,0.401111,0.319945,0.278970,4,16,4,1,0.538822,4.066963
470,scene314_tx46_x54_y66_s100,scene314_tx46_x51_y43_s128,314,46,54,66,100,51,43,128,3,23,47,80,16,0.183100,0.816900,0.196111,0.190616,0.398689,4,18,6,1,0.481704,4.003209
471,scene314_tx70_x112_y101_s100,scene314_tx70_x89_y97_s128,314,70,112,101,100,89,97,128,23,4,83,70,16,0.131000,0.869000,0.166944,0.184903,0.184733,4,12,4,2,0.375573,4.066812
472,scene315_tx41_x97_y122_s100,scene315_tx41_x77_y122_s128,315,41,97,122,100,77,122,128,20,0,81,40,16,0.223600,0.776400,0.281944,0.271988,0.297406,4,20,8,2,0.325581,4.655423
473,scene315_tx44_x101_y128_s100,scene315_tx44_x73_y100_s128,315,44,101,128,100,73,100,128,28,28,80,74,16,0.244400,0.755600,0.275000,0.279778,0.338789,4,19,8,2,0.297872,4.526702
474,scene315_tx4_x96_y62_s100,scene315_tx4_x69_y49_s128,315,4,96,62,100,69,49,128,27,13,41,22,16,0.207000,0.793000,0.200556,0.218837,0.389372,4,17,7,1,0.293720,4.332726
475,scene315_tx61_x65_y99_s100,scene315_tx61_x37_y99_s128,315,61,65,99,100,37,99,128,28,0,71,34,16,0.212200,0.787800,0.223611,0.238400,0.351084,4,17,9,3,0.343073,4.873934
476,scene316_tx28_x118_y119_s100,scene316_tx28_x90_y119_s128,316,28,118,119,100,90,119,128,28,0,81,38,16,0.197500,0.802500,0.222500,0.216759,0.366076,4,19,6,2,0.264810,4.594035
477,scene316_tx47_x110_y112_s100,scene316_tx47_x84_y99_s128,316,47,110,112,100,84,99,128,26,13,30,16,16,0.199700,0.800300,0.259444,0.220222,0.363045,4,19,8,2,0.243866,4.546201
478,scene316_tx60_x111_y116_s100,scene316_tx60_x83_y103_s128,316,60,111,116,100,83,103,128,28,13,75,50,16,0.196700,0.803300,0.246389,0.220568,0.352313,4,18,7,2,0.255211,4.780868
479,scene318_tx42_x124_y51_s100,scene318_tx42_x124_y36_s128,318,42,124,51,100,124,36,128,0,15,58,83,16,0.153500,0.846500,0.199167,0.175554,0.339414,3,15,5,1,0.414984,3.809619
480,scene318_tx72_x42_y129_s100,scene318_tx72_x17_y113_s128,318,72,42,129,100,17,113,128,25,16,43,18,16,0.125000,0.875000,0.164444,0.133137,0.384800,3,13,5,1,0.415200,3.296540
481,scene318_tx73_x42_y133_s100,scene318_tx73_x39_y112_s128,318,73,42,133,100,39,112,128,3,21,42,67,16,0.128300,0.871700,0.164444,0.134522,0.394388,3,13,5,1,0.404521,3.414201
482,scene319_tx12_x118_y101_s100,scene319_tx12_x109_y100_s128,319,12,118,101,100,109,100,128,9,1,24,29,16,0.160200,0.839800,0.184167,0.184557,0.334582,4,20,7,3,0.238452,4.603735
483,scene319_tx58_x118_y102_s100,scene319_tx58_x113_y102_s128,319,58,118,102,100,113,102,128,5,0,37,64,16,0.160700,0.839300,0.181389,0.181960,0.345986,4,19,7,3,0.232732,4.721588
484,scene319_tx8_x122_y94_s100,scene319_tx8_x113_y77_s128,319,8,122,94,100,113,77,128,9,17,49,18,16,0.164000,0.836000,0.201111,0.203082,0.284756,4,20,9,2,0.262195,4.699369
485,scene320_tx19_x19_y55_s100,scene320_tx19_x4_y42_s128,320,19,19,55,100,4,42,128,15,13,51,83,16,0.190100,0.809900,0.214444,0.200658,0.390321,4,17,5,1,0.285639,4.263704
486,scene320_tx25_x19_y54_s100,scene320_tx25_x17_y54_s128,320,25,19,54,100,17,54,128,2,0,78,16,16,0.189400,0.810600,0.217778,0.203774,0.378564,4,17,5,1,0.287751,4.068910
487,scene320_tx39_x44_y42_s100,scene320_tx39_x16_y42_s128,320,39,44,42,100,16,42,128,28,0,70,29,16,0.193200,0.806800,0.236944,0.221260,0.338509,4,17,6,2,0.322981,4.608439
488,scene320_tx43_x136_y132_s100,scene320_tx43_x125_y111_s128,320,43,136,132,100,125,111,128,11,21,63,68,16,0.180700,0.819300,0.218333,0.244979,0.216934,3,14,5,3,0.437742,4.797711
489,scene320_tx63_x118_y131_s100,scene320_tx63_x94_y103_s128,320,63,118,131,100,94,103,128,24,28,76,65,16,0.178300,0.821700,0.251667,0.218663,0.291643,4,14,6,3,0.443634,4.815467
490,scene321_tx3_x140_y93_s100,scene321_tx3_x127_y74_s128,321,3,140,93,100,127,74,128,13,19,34,83,16,0.189800,0.810200,0.189722,0.219183,0.332982,4,17,10,5,0.199157,4.852778
491,scene321_tx43_x116_y45_s100,scene321_tx43_x100_y19_s128,321,43,116,45,100,100,19,128,16,26,67,83,16,0.230100,0.769900,0.267222,0.260734,0.345502,4,22,14,7,0.126032,4.971969
492,scene321_tx44_x75_y28_s100,scene321_tx44_x73_y20_s128,321,44,75,28,100,73,20,128,2,8,48,50,16,0.200300,0.799700,0.235556,0.226108,0.347978,4,19,9,5,0.314528,5.183351
493,scene321_tx77_x77_y27_s100,scene321_tx77_x49_y11_s128,321,77,77,27,100,49,11,128,28,16,83,39,16,0.200200,0.799800,0.233056,0.221607,0.360639,4,19,10,5,0.289710,4.854494
494,scene322_tx48_x100_y45_s100,scene322_tx48_x87_y35_s128,322,48,100,45,100,87,35,128,13,10,70,26,16,0.168800,0.831200,0.263611,0.217625,0.255332,4,17,5,2,0.367891,4.630877
495,scene322_tx72_x100_y58_s100,scene322_tx72_x82_y58_s128,322,72,100,58,100,82,58,128,18,0,82,19,16,0.157300,0.842700,0.241944,0.198234,0.272092,4,17,5,2,0.394787,4.328792
496,scene323_tx12_x94_y61_s100,scene323_tx12_x94_y36_s128,323,12,94,61,100,94,36,128,0,25,72,25,16,0.212800,0.787200,0.195278,0.222819,0.395207,4,18,7,2,0.331297,4.451862
497,scene323_tx19_x82_y61_s100,scene323_tx19_x82_y37_s128,323,19,82,61,100,82,37,128,0,24,28,75,16,0.255400,0.744600,0.232778,0.267832,0.394283,4,21,8,2,0.276038,4.535759
498,scene323_tx49_x97_y53_s100,scene323_tx49_x97_y25_s128,323,49,97,53,100,97,25,128,0,28,80,45,16,0.179700,0.820300,0.170000,0.190270,0.388425,4,15,6,1,0.388425,3.898811
499,scene323_tx76_x56_y81_s100,scene323_tx76_x56_y72_s128,323,76,56,81,100,56,72,128,0,9,44,78,16,0.244300,0.755700,0.356389,0.339855,0.196480,4,22,7,4,0.314368,5.109293
500,scene324_tx55_x63_y137_s100,scene324_tx55_x42_y121_s128,324,55,63,137,100,42,121,128,21,16,37,57,16,0.217600,0.782400,0.276667,0.276143,0.267004,4,18,7,2,0.299632,4.883260
501,scene325_tx31_x16_y131_s100,scene325_tx31_x8_y111_s128,325,31,16,131,100,8,111,128,8,20,50,56,16,0.184200,0.815800,0.220556,0.226974,0.288274,4,19,8,3,0.239957,5.290111
502,scene325_tx3_x67_y101_s100,scene325_tx3_x67_y79_s128,325,3,67,101,100,67,79,128,0,22,77,16,16,0.133000,0.867000,0.152500,0.155990,0.322556,4,15,6,2,0.276692,3.827599
503,scene325_tx51_x80_y139_s100,scene325_tx51_x64_y111_s128,325,51,80,139,100,64,111,128,16,28,16,63,16,0.181800,0.818200,0.180556,0.198927,0.367987,4,18,7,2,0.300880,4.293900
504,scene326_tx28_x2_y53_s100,scene326_tx28_x0_y53_s128,326,28,2,53,100,0,53,128,2,0,60,23,16,0.162400,0.837600,0.233611,0.209314,0.255542,4,19,6,3,0.355911,4.918744
505,scene327_tx26_x58_y120_s100,scene327_tx26_x58_y106_s128,327,26,58,120,100,58,106,128,0,14,21,78,16,0.121200,0.878800,0.162778,0.144391,0.311881,4,10,4,2,0.560231,3.315897
506,scene327_tx54_x116_y50_s100,scene327_tx54_x89_y50_s128,327,54,116,50,100,89,50,128,27,0,83,22,16,0.150300,0.849700,0.168333,0.161530,0.379242,4,17,12,5,0.306720,4.140271
507,scene327_tx5_x94_y66_s100,scene327_tx5_x72_y63_s128,327,5,94,66,100,72,63,128,22,3,49,83,16,0.122000,0.878000,0.175556,0.145776,0.309836,3,16,7,3,0.377869,4.140143
508,scene327_tx8_x112_y57_s100,scene327_tx8_x92_y57_s128,327,8,112,57,100,92,57,128,20,0,83,21,16,0.136000,0.864000,0.153333,0.154778,0.342647,4,17,9,4,0.338971,4.005329
509,scene328_tx35_x43_y64_s100,scene328_tx35_x35_y54_s128,328,35,43,64,100,35,54,128,8,10,80,26,16,0.213200,0.786800,0.210278,0.222472,0.397280,4,21,10,2,0.203565,4.541390
510,scene328_tx9_x47_y100_s100,scene328_tx9_x47_y72_s128,328,9,47,100,100,47,72,128,0,28,32,83,16,0.223100,0.776900,0.270833,0.251212,0.349619,4,24,11,5,0.178844,4.911498
511,scene32_tx72_x62_y27_s100,scene32_tx72_x34_y15_s128,32,72,62,27,100,34,15,128,28,12,39,50,16,0.208900,0.791100,0.234444,0.249481,0.310196,3,13,7,4,0.202011,5.057955
512,scene331_tx24_x49_y52_s100,scene331_tx24_x39_y27_s128,331,24,49,52,100,39,27,128,10,25,56,16,16,0.170700,0.829300,0.281944,0.239612,0.189221,4,17,5,2,0.512595,4.624933
513,scene331_tx40_x42_y53_s100,scene331_tx40_x21_y25_s128,331,40,42,53,100,21,25,128,21,28,49,33,16,0.187300,0.812700,0.299444,0.259868,0.198612,4,19,7,3,0.467165,5.097217
514,scene331_tx43_x40_y63_s100,scene331_tx43_x40_y62_s128,331,43,40,63,100,40,62,128,0,1,19,69,16,0.207200,0.792800,0.331667,0.267140,0.255309,4,17,6,3,0.422297,4.813562
515,scene331_tx49_x134_y99_s100,scene331_tx49_x109_y99_s128,331,49,134,99,100,109,99,128,25,0,46,30,16,0.245500,0.754500,0.322222,0.293109,0.310387,4,20,7,1,0.477393,4.372549
516,scene331_tx56_x81_y140_s100,scene331_tx56_x53_y123_s128,331,56,81,140,100,53,123,128,28,17,54,50,16,0.256800,0.743200,0.298056,0.269910,0.392913,4,23,8,1,0.308411,4.585601
517,scene331_tx61_x101_y53_s100,scene331_tx61_x83_y32_s128,331,61,101,53,100,83,32,128,18,21,76,16,16,0.195900,0.804100,0.198611,0.215028,0.366003,4,15,5,1,0.354773,4.091324
518,scene331_tx66_x123_y109_s100,scene331_tx66_x122_y82_s128,331,66,123,109,100,122,82,128,1,27,16,78,16,0.256500,0.743500,0.264444,0.266620,0.399610,4,24,8,1,0.407018,4.024819
519,scene332_tx23_x71_y36_s100,scene332_tx23_x66_y28_s128,332,23,71,36,100,66,28,128,5,8,18,31,16,0.188100,0.811900,0.236389,0.217452,0.332270,4,16,7,2,0.413610,4.440460
520,scene332_tx29_x96_y48_s100,scene332_tx29_x96_y20_s128,332,29,96,48,100,96,20,128,0,28,19,67,16,0.234900,0.765100,0.342222,0.249307,0.386973,4,17,6,1,0.540656,4.031709
521,scene332_tx36_x89_y113_s100,scene332_tx36_x79_y101_s128,332,36,89,113,100,79,101,128,10,12,55,16,16,0.166100,0.833900,0.156667,0.172957,0.398555,4,16,9,3,0.210716,4.360158
522,scene332_tx4_x59_y34_s100,scene332_tx4_x31_y6_s128,332,4,59,34,100,31,6,128,28,28,47,58,16,0.177500,0.822500,0.174722,0.190616,0.379718,4,16,7,3,0.296338,4.752415
523,scene332_tx58_x43_y122_s100,scene332_tx58_x38_y94_s128,332,58,43,122,100,38,94,128,5,28,20,18,16,0.122600,0.877400,0.170278,0.153220,0.278140,4,14,7,3,0.260196,4.263747
524,scene332_tx65_x122_y126_s100,scene332_tx65_x94_y126_s128,332,65,122,126,100,94,126,128,28,0,67,45,16,0.192100,0.807900,0.240000,0.219875,0.338886,4,21,9,4,0.316502,5.031805
525,scene332_tx8_x92_y119_s100,scene332_tx8_x64_y100_s128,332,8,92,119,100,64,100,128,28,19,63,75,16,0.164900,0.835100,0.186389,0.175208,0.386295,4,16,9,3,0.212250,4.601822
526,scene336_tx47_x128_y87_s100,scene336_tx47_x100_y70_s128,336,47,128,87,100,100,70,128,28,17,56,76,16,0.239400,0.760600,0.254167,0.253809,0.387636,4,23,8,1,0.219716,4.447759
527,scene337_tx25_x63_y53_s100,scene337_tx25_x35_y38_s128,337,25,63,53,100,35,38,128,28,15,82,79,16,0.147600,0.852400,0.150278,0.187327,0.266938,4,18,5,2,0.463415,3.881662
528,scene337_tx28_x35_y130_s100,scene337_tx28_x27_y104_s128,337,28,35,130,100,27,104,128,8,26,45,52,16,0.171800,0.828200,0.204167,0.219875,0.260768,4,19,9,4,0.279977,5.278419
529,scene337_tx39_x46_y52_s100,scene337_tx39_x25_y52_s128,337,39,46,52,100,25,52,128,21,0,81,31,16,0.154100,0.845900,0.176111,0.160145,0.399740,4,16,6,1,0.288774,3.733380
530,scene337_tx74_x100_y94_s100,scene337_tx74_x88_y66_s128,337,74,100,94,100,88,66,128,12,28,27,70,16,0.162300,0.837700,0.179444,0.187327,0.333333,4,17,8,3,0.192237,4.660881
531,scene341_tx14_x15_y133_s100,scene341_tx14_x15_y105_s128,341,14,15,133,100,15,105,128,0,28,49,57,16,0.158500,0.841500,0.178333,0.174688,0.363407,4,21,14,8,0.116719,4.896043
532,scene341_tx17_x75_y75_s100,scene341_tx17_x58_y75_s128,341,17,75,75,100,58,75,128,17,0,23,55,16,0.159200,0.840800,0.197222,0.171918,0.376256,4,20,12,6,0.153266,4.772844
533,scene341_tx31_x86_y75_s100,scene341_tx31_x79_y75_s128,341,31,86,75,100,79,75,128,7,0,16,30,16,0.166700,0.833300,0.208611,0.179363,0.378524,4,20,12,8,0.146371,4.660380
534,scene341_tx37_x44_y42_s100,scene341_tx37_x44_y14_s128,341,37,44,42,100,44,14,128,0,28,58,52,16,0.206900,0.793100,0.200833,0.218490,0.390043,4,24,14,6,0.108748,5.245840
535,scene341_tx51_x74_y58_s100,scene341_tx51_x46_y58_s128,341,51,74,58,100,46,58,128,28,0,45,16,16,0.186900,0.813100,0.195833,0.197022,0.391118,4,22,14,6,0.130551,4.846662
536,scene341_tx52_x42_y48_s100,scene341_tx52_x15_y33_s128,341,52,42,48,100,15,33,128,27,15,76,75,16,0.196900,0.803100,0.206944,0.213123,0.374810,4,21,13,8,0.102590,4.912388
537,scene341_tx57_x45_y130_s100,scene341_tx57_x35_y127_s128,341,57,45,130,100,35,127,128,10,3,65,45,16,0.134200,0.865800,0.143889,0.148199,0.362146,4,20,13,8,0.137854,4.396939
538,scene341_tx5_x96_y141_s100,scene341_tx5_x96_y124_s128,341,5,96,141,100,96,124,128,0,17,19,16,16,0.124900,0.875100,0.143889,0.136080,0.370697,4,18,13,8,0.117694,3.978718
539,scene341_tx64_x98_y54_s100,scene341_tx64_x72_y54_s128,341,64,98,54,100,72,54,128,26,0,22,41,16,0.189700,0.810300,0.219722,0.231475,0.295203,4,22,14,8,0.146020,5.118338
540,scene341_tx66_x107_y72_s100,scene341_tx66_x105_y56_s128,341,66,107,72,100,105,56,128,2,16,51,72,16,0.171400,0.828600,0.202222,0.216932,0.268961,4,22,13,10,0.157526,5.234739
541,scene342_tx19_x127_y145_s100,scene342_tx19_x114_y126_s128,342,19,127,145,100,114,126,128,13,19,52,50,16,0.238100,0.761900,0.268889,0.252943,0.386392,4,22,17,9,0.112978,5.318649
542,scene342_tx24_x108_y122_s100,scene342_tx24_x80_y101_s128,342,24,108,122,100,80,101,128,28,21,80,76,16,0.232800,0.767200,0.216111,0.242209,0.399055,4,24,16,8,0.115550,4.869139
543,scene342_tx43_x72_y35_s100,scene342_tx43_x44_y19_s128,342,43,72,35,100,44,19,128,28,16,39,41,16,0.170900,0.829100,0.176389,0.181094,0.387946,4,15,7,2,0.306027,4.354882
544,scene342_tx69_x24_y117_s100,scene342_tx69_x24_y117_s128,342,69,24,117,100,24,117,128,0,0,33,69,16,0.190000,0.810000,0.258611,0.242902,0.261579,4,23,12,8,0.134211,5.177316
545,scene342_tx9_x78_y110_s100,scene342_tx9_x75_y86_s128,342,9,78,110,100,75,86,128,3,24,28,29,16,0.177600,0.822400,0.209722,0.220395,0.283221,4,19,13,9,0.119932,5.108196
546,scene343_tx12_x45_y47_s100,scene343_tx12_x17_y45_s128,343,12,45,47,100,17,45,128,28,2,72,17,16,0.202600,0.797400,0.246389,0.238573,0.319842,4,20,15,7,0.096742,4.989121
547,scene343_tx17_x86_y118_s100,scene343_tx17_x70_y90_s128,343,17,86,118,100,70,90,128,16,28,49,54,16,0.220000,0.780000,0.202500,0.230956,0.393636,4,22,12,5,0.227273,5.183091
548,scene343_tx58_x62_y43_s100,scene343_tx58_x62_y19_s128,343,58,62,43,100,62,19,128,0,24,27,50,16,0.164300,0.835700,0.226667,0.192867,0.321972,4,15,14,7,0.110164,5.082488
549,scene343_tx63_x64_y144_s100,scene343_tx63_x36_y123_s128,343,63,64,144,100,36,123,128,28,21,55,50,16,0.219300,0.780700,0.260000,0.242729,0.360693,4,22,15,7,0.185135,5.260547
550,scene344_tx13_x9_y23_s100,scene344_tx13_x8_y13_s128,344,13,9,23,100,8,13,128,1,10,47,63,16,0.167700,0.832300,0.204722,0.215201,0.258795,4,18,12,8,0.134764,5.313980
551,scene344_tx19_x30_y48_s100,scene344_tx19_x2_y24_s128,344,19,30,48,100,2,24,128,28,24,73,74,16,0.235400,0.764600,0.215833,0.252770,0.379779,4,20,13,6,0.194562,4.893159
552,scene344_tx21_x47_y66_s100,scene344_tx21_x47_y56_s128,344,21,47,66,100,47,56,128,0,10,21,50,16,0.196800,0.803200,0.245833,0.238400,0.300305,4,18,11,5,0.323171,5.016780
553,scene344_tx41_x123_y8_s100,scene344_tx41_x100_y8_s128,344,41,123,8,100,100,8,128,23,0,57,47,16,0.120200,0.879800,0.130278,0.152874,0.265391,4,13,6,3,0.427621,4.262475
554,scene344_tx4_x19_y117_s100,scene344_tx4_x9_y117_s128,344,4,19,117,100,9,117,128,10,0,50,22,16,0.201300,0.798700,0.260833,0.241690,0.306508,4,21,13,6,0.294585,5.043064
555,scene345_tx1_x95_y96_s100,scene345_tx1_x95_y72_s128,345,1,95,96,100,95,72,128,0,24,54,69,16,0.221900,0.778100,0.209167,0.245672,0.360523,4,21,14,7,0.197386,5.105725
556,scene346_tx15_x35_y33_s100,scene346_tx15_x35_y17_s128,346,15,35,33,100,35,17,128,0,16,24,50,16,0.235900,0.764100,0.260556,0.258657,0.366681,4,23,16,8,0.147096,5.119596
557,scene346_tx29_x78_y104_s100,scene346_tx29_x78_y81_s128,346,29,78,104,100,78,81,128,0,23,36,48,16,0.214700,0.785300,0.200556,0.233899,0.370750,4,23,16,8,0.125291,5.214338
558,scene346_tx4_x80_y69_s100,scene346_tx4_x52_y41_s128,346,4,80,69,100,52,41,128,28,28,53,83,16,0.246300,0.753700,0.262778,0.309211,0.274868,4,22,11,4,0.333333,4.982158
559,scene346_tx51_x34_y114_s100,scene346_tx51_x34_y111_s128,346,51,34,114,100,34,111,128,0,3,67,56,16,0.247800,0.752200,0.257778,0.274584,0.359968,4,24,16,7,0.158596,5.141303
560,scene346_tx68_x113_y56_s100,scene346_tx68_x85_y50_s128,346,68,113,56,100,85,50,128,28,6,71,68,16,0.194900,0.805100,0.266111,0.228532,0.322730,4,19,11,4,0.421242,4.821607
561,scene347_tx60_x120_y123_s100,scene347_tx60_x92_y109_s128,347,60,120,123,100,92,109,128,28,14,65,69,16,0.241400,0.758600,0.248056,0.251039,0.399337,4,20,14,6,0.368683,4.816981
562,scene347_tx68_x54_y122_s100,scene347_tx68_x26_y94_s128,347,68,54,122,100,26,94,128,28,28,81,64,16,0.167000,0.833000,0.240556,0.201697,0.302395,4,20,15,9,0.114371,4.974355
563,scene349_tx11_x131_y116_s100,scene349_tx11_x113_y88_s128,349,11,131,116,100,113,88,128,18,28,49,56,16,0.146600,0.853400,0.142778,0.153393,0.395634,4,18,6,2,0.408595,3.970972
564,scene349_tx37_x100_y142_s100,scene349_tx37_x74_y127_s128,349,37,100,142,100,74,127,128,26,15,29,49,16,0.154700,0.845300,0.178889,0.167244,0.375566,4,16,5,1,0.517776,3.838450
565,scene349_tx40_x70_y112_s100,scene349_tx40_x70_y111_s128,349,40,70,112,100,70,111,128,0,1,42,78,16,0.183000,0.817000,0.234444,0.233553,0.262842,4,16,5,2,0.496721,4.582874
566,scene349_tx50_x131_y42_s100,scene349_tx50_x111_y14_s128,349,50,131,42,100,111,14,128,20,28,47,74,16,0.131000,0.869000,0.172222,0.140928,0.378626,4,16,9,6,0.253435,4.375811
567,scene350_tx14_x36_y128_s100,scene350_tx14_x28_y128_s128,350,14,36,128,100,28,128,128,8,0,50,29,16,0.200400,0.799600,0.256944,0.229398,0.338822,4,22,11,6,0.160180,5.181251
568,scene350_tx63_x111_y42_s100,scene350_tx63_x106_y14_s128,350,63,111,42,100,106,14,128,5,28,50,78,16,0.182800,0.817200,0.201111,0.223684,0.293217,4,19,11,5,0.176149,5.165606
569,scene351_tx25_x54_y87_s100,scene351_tx25_x28_y87_s128,351,25,54,87,100,28,87,128,26,0,71,16,16,0.179700,0.820300,0.216111,0.212258,0.317752,4,19,13,8,0.168614,4.884714
570,scene351_tx30_x59_y97_s100,scene351_tx30_x32_y87_s128,351,30,59,97,100,32,87,128,27,10,51,73,16,0.180000,0.820000,0.207778,0.219702,0.295000,4,20,13,7,0.168333,5.200876
571,scene351_tx3_x53_y107_s100,scene351_tx3_x36_y107_s128,351,3,53,107,100,36,107,128,17,0,61,47,16,0.200500,0.799500,0.225000,0.221607,0.361596,4,19,13,7,0.151122,5.218075
572,scene351_tx56_x98_y70_s100,scene351_tx56_x75_y48_s128,351,56,98,70,100,75,48,128,23,22,67,65,16,0.149100,0.850900,0.212500,0.182652,0.292421,4,19,10,5,0.303823,4.815939
573,scene351_tx70_x97_y65_s100,scene351_tx70_x77_y53_s128,351,70,97,65,100,77,53,128,20,12,83,47,16,0.155700,0.844300,0.211111,0.186115,0.309570,4,18,10,5,0.290944,4.793839
574,scene351_tx74_x69_y122_s100,scene351_tx74_x69_y103_s128,351,74,69,122,100,69,103,128,0,19,46,46,16,0.154000,0.846000,0.190000,0.161704,0.393506,4,18,7,3,0.192857,4.802240
575,scene351_tx8_x9_y77_s100,scene351_tx8_x6_y49_s128,351,8,9,77,100,6,49,128,3,28,45,30,16,0.159200,0.840800,0.159167,0.166551,0.395729,4,18,16,9,0.190327,4.476460
576,scene352_tx1_x102_y42_s100,scene352_tx1_x83_y22_s128,352,1,102,42,100,83,22,128,19,20,17,22,16,0.160800,0.839200,0.156111,0.167071,0.399876,4,17,9,4,0.356965,4.014953
577,scene353_tx24_x112_y16_s100,scene353_tx24_x96_y16_s128,353,24,112,16,100,96,16,128,16,0,34,38,16,0.158500,0.841500,0.172500,0.175727,0.359621,4,19,13,7,0.194953,4.635009
578,scene353_tx60_x131_y63_s100,scene353_tx60_x117_y61_s128,353,60,131,63,100,117,61,128,14,2,16,83,16,0.136200,0.863800,0.200000,0.157722,0.331131,4,18,12,7,0.162996,4.480247
579,scene353_tx76_x99_y78_s100,scene353_tx76_x93_y78_s128,353,76,99,78,100,93,78,128,6,0,27,23,16,0.120300,0.879700,0.143611,0.137119,0.341646,3,14,9,5,0.292602,3.779884
580,scene354_tx17_x101_y44_s100,scene354_tx17_x81_y22_s128,354,17,101,44,100,81,22,128,20,22,49,58,16,0.201200,0.798800,0.201111,0.213989,0.385686,4,21,11,6,0.132207,5.213403
581,scene354_tx47_x16_y116_s100,scene354_tx47_x15_y88_s128,354,47,16,116,100,15,88,128,1,28,55,33,16,0.120700,0.879300,0.175278,0.147507,0.294118,4,14,10,7,0.159072,4.659422
582,scene354_tx59_x134_y107_s100,scene354_tx59_x124_y107_s128,354,59,134,107,100,124,107,128,10,0,59,40,16,0.182000,0.818000,0.235000,0.211392,0.329121,4,18,12,7,0.176923,5.146871
583,scene354_tx61_x59_y33_s100,scene354_tx61_x44_y33_s128,354,61,59,33,100,44,33,128,15,0,46,35,16,0.151700,0.848300,0.129444,0.159280,0.393540,3,15,9,3,0.365194,3.921987
584,scene354_tx72_x113_y64_s100,scene354_tx72_x85_y36_s128,354,72,113,64,100,85,36,128,28,28,78,54,16,0.204800,0.795200,0.248333,0.221607,0.375000,4,20,12,4,0.157227,5.052496
585,scene355_tx63_x85_y112_s100,scene355_tx63_x65_y110_s128,355,63,85,112,100,65,110,128,20,2,37,40,16,0.156700,0.843300,0.183611,0.188019,0.306956,4,18,9,5,0.288449,4.798887
586,scene355_tx66_x29_y29_s100,scene355_tx66_x2_y5_s128,355,66,29,29,100,2,5,128,27,24,50,26,16,0.167300,0.832700,0.216667,0.210353,0.273760,4,16,7,3,0.435146,4.935238
587,scene355_tx71_x60_y89_s100,scene355_tx71_x60_y72_s128,355,71,60,89,100,60,72,128,0,17,47,55,16,0.166900,0.833100,0.211389,0.203947,0.294188,4,20,14,8,0.222289,5.195355
588,scene356_tx2_x122_y92_s100,scene356_tx2_x94_y64_s128,356,2,122,92,100,94,64,128,28,28,53,32,16,0.250600,0.749400,0.246667,0.271295,0.374701,4,18,7,3,0.619314,4.724977
589,scene356_tx45_x65_y11_s100,scene356_tx45_x64_y1_s128,356,45,65,11,100,64,1,128,1,10,50,69,16,0.153100,0.846900,0.216944,0.198234,0.252123,4,17,9,5,0.337688,5.022810
590,scene357_tx0_x109_y109_s100,scene357_tx0_x81_y81_s128,357,0,109,109,100,81,81,128,28,28,72,58,16,0.182600,0.817400,0.254167,0.233726,0.260679,4,18,9,6,0.331325,5.048992
591,scene357_tx10_x127_y38_s100,scene357_tx10_x99_y23_s128,357,10,127,38,100,99,23,128,28,15,71,34,16,0.142300,0.857700,0.178056,0.157202,0.361911,4,16,11,6,0.186929,4.505326
592,scene357_tx30_x50_y103_s100,scene357_tx30_x41_y90_s128,357,30,50,103,100,41,90,128,9,13,16,19,16,0.130900,0.869100,0.133333,0.162569,0.282659,4,17,10,7,0.462185,3.844918
593,scene357_tx39_x136_y46_s100,scene357_tx39_x122_y38_s128,357,39,136,46,100,122,38,128,14,8,46,58,16,0.131700,0.868300,0.174722,0.190443,0.164768,4,18,10,8,0.201974,5.086338
594,scene357_tx40_x115_y112_s100,scene357_tx40_x115_y86_s128,357,40,115,112,100,115,86,128,0,26,79,59,16,0.201900,0.798100,0.189167,0.239612,0.314512,4,20,10,4,0.299653,4.873064
595,scene359_tx49_x102_y124_s100,scene359_tx49_x79_y123_s128,359,49,102,124,100,79,123,128,23,1,16,36,16,0.123800,0.876200,0.165556,0.136253,0.364297,3,11,4,2,0.331987,3.380478
596,scene35_tx17_x146_y15_s100,scene35_tx17_x123_y3_s128,35,17,146,15,100,123,3,128,23,12,56,83,16,0.256200,0.743800,0.362222,0.335526,0.243560,3,22,9,4,0.218189,4.899358
597,scene35_tx46_x46_y102_s100,scene35_tx46_x28_y99_s128,35,46,46,102,100,28,99,128,18,3,35,41,16,0.255700,0.744300,0.386944,0.372749,0.157998,4,21,14,11,0.109894,5.419498
598,scene35_tx63_x25_y19_s100,scene35_tx63_x2_y8_s128,35,63,25,19,100,2,8,128,23,11,41,72,16,0.237000,0.763000,0.335556,0.333102,0.188186,4,20,8,5,0.254852,5.196810
599,scene360_tx21_x32_y70_s100,scene360_tx21_x4_y70_s128,360,21,32,70,100,4,70,128,28,0,34,20,16,0.187300,0.812700,0.241667,0.217105,0.330486,4,19,10,5,0.163374,4.972591
600,scene360_tx26_x80_y75_s100,scene360_tx26_x80_y69_s128,360,26,80,75,100,80,69,128,0,6,22,72,16,0.168200,0.831800,0.174167,0.201350,0.308561,4,16,10,3,0.235434,4.635278
601,scene360_tx42_x37_y41_s100,scene360_tx42_x29_y41_s128,360,42,37,41,100,29,41,128,8,0,20,23,16,0.146900,0.853100,0.200278,0.180575,0.289993,4,18,10,4,0.208305,4.693487
602,scene360_tx52_x121_y129_s100,scene360_tx52_x121_y112_s128,360,52,121,129,100,121,112,128,0,17,47,60,16,0.144800,0.855200,0.114444,0.150970,0.397790,4,17,9,4,0.273481,4.097101
603,scene360_tx56_x57_y79_s100,scene360_tx56_x55_y62_s128,360,56,57,79,100,55,62,128,2,17,58,69,16,0.202700,0.797300,0.225556,0.267832,0.236803,4,23,11,6,0.195363,5.224010
604,scene360_tx5_x55_y81_s100,scene360_tx5_x27_y81_s128,360,5,55,81,100,27,81,128,28,0,63,21,16,0.203100,0.796900,0.229722,0.263850,0.249631,4,23,11,6,0.194978,5.088963
605,scene360_tx61_x56_y39_s100,scene360_tx61_x56_y14_s128,360,61,56,39,100,56,14,128,0,25,25,58,16,0.134600,0.865400,0.173889,0.165512,0.289747,4,17,9,4,0.227340,4.603714
606,scene360_tx65_x102_y112_s100,scene360_tx65_x102_y90_s128,360,65,102,112,100,102,90,128,0,22,82,79,16,0.148900,0.851100,0.201389,0.188712,0.267965,4,16,9,5,0.265950,4.680424
607,scene360_tx75_x38_y117_s100,scene360_tx75_x10_y111_s128,360,75,38,117,100,10,111,128,28,6,55,76,16,0.172600,0.827400,0.204167,0.183518,0.385863,4,19,11,6,0.190035,4.818940
608,scene363_tx14_x44_y123_s100,scene363_tx14_x24_y123_s128,363,14,44,123,100,24,123,128,20,0,61,78,16,0.175100,0.824900,0.150278,0.182306,0.398629,4,15,7,3,0.459737,4.142223
609,scene363_tx4_x96_y70_s100,scene363_tx4_x94_y70_s128,363,4,96,70,100,94,70,128,2,0,71,43,16,0.120300,0.879700,0.153056,0.132271,0.364921,4,16,9,4,0.171239,4.276850
610,scene363_tx56_x129_y39_s100,scene363_tx56_x108_y37_s128,363,56,129,39,100,108,37,128,21,2,63,80,16,0.226500,0.773500,0.226111,0.263850,0.327152,4,21,7,3,0.634879,4.592026
611,scene363_tx75_x88_y80_s100,scene363_tx75_x78_y80_s128,363,75,88,80,100,78,80,128,10,0,38,22,16,0.120300,0.879700,0.130556,0.127424,0.388196,4,18,10,4,0.171239,3.968978
612,scene364_tx66_x82_y129_s100,scene364_tx66_x72_y128_s128,364,66,82,129,100,72,128,128,10,1,74,46,16,0.154400,0.845600,0.194722,0.205679,0.230570,4,21,13,9,0.167098,5.133867
613,scene365_tx3_x128_y13_s100,scene365_tx3_x100_y1_s128,365,3,128,13,100,100,1,128,28,12,59,50,16,0.252400,0.747600,0.326667,0.284626,0.348653,4,16,8,4,0.606973,4.863341
614,scene366_tx20_x32_y79_s100,scene366_tx20_x32_y62_s128,366,20,32,79,100,32,62,128,0,17,49,46,16,0.162400,0.837600,0.098889,0.169148,0.398399,4,15,8,2,0.467365,3.709475
615,scene366_tx5_x85_y22_s100,scene366_tx5_x85_y18_s128,366,5,85,22,100,85,18,128,0,4,53,53,16,0.196900,0.803100,0.203889,0.223684,0.343829,4,15,5,1,0.420010,4.528062
616,scene367_tx32_x53_y26_s100,scene367_tx32_x52_y26_s128,367,32,53,26,100,52,26,128,1,0,31,78,16,0.158600,0.841400,0.200000,0.189404,0.310214,4,16,6,2,0.373266,4.382252
617,scene367_tx42_x109_y87_s100,scene367_tx42_x81_y63_s128,367,42,109,87,100,81,63,128,28,24,52,82,16,0.131000,0.869000,0.140556,0.153913,0.321374,4,19,9,5,0.190840,4.294008
618,scene367_tx61_x129_y58_s100,scene367_tx61_x101_y54_s128,367,61,129,58,100,101,54,128,28,4,50,68,16,0.189100,0.810900,0.208056,0.222126,0.321523,4,18,10,3,0.253305,5.142198
619,scene367_tx79_x140_y50_s100,scene367_tx79_x112_y22_s128,367,79,140,50,100,112,22,128,28,28,55,52,16,0.182900,0.817100,0.286111,0.264543,0.164571,4,19,8,4,0.269546,5.403923
620,scene368_tx24_x129_y128_s100,scene368_tx24_x101_y100_s128,368,24,129,128,100,101,100,128,28,28,60,65,16,0.194600,0.805400,0.216389,0.209834,0.377184,3,14,5,1,0.573484,3.942458
621,scene368_tx37_x54_y50_s100,scene368_tx37_x26_y47_s128,368,37,54,50,100,26,47,128,28,3,56,30,16,0.221700,0.778300,0.285556,0.280990,0.267930,4,20,7,3,0.254398,5.141526
622,scene368_tx53_x110_y71_s100,scene368_tx53_x83_y53_s128,368,53,110,71,100,83,53,128,27,18,82,32,16,0.176600,0.823400,0.155000,0.193213,0.368063,4,14,4,2,0.394111,3.815848
623,scene368_tx79_x105_y13_s100,scene368_tx79_x86_y3_s128,368,79,105,13,100,86,3,128,19,10,20,49,16,0.158400,0.841600,0.145833,0.168283,0.386364,4,17,7,1,0.358586,3.671041
624,scene368_tx7_x38_y22_s100,scene368_tx7_x36_y2_s128,368,7,38,22,100,36,2,128,2,20,41,72,16,0.256500,0.743500,0.332500,0.298823,0.327096,4,21,8,3,0.221832,5.059836
625,scene369_tx0_x79_y23_s100,scene369_tx0_x66_y19_s128,369,0,79,23,100,66,19,128,13,4,20,50,16,0.255400,0.744600,0.244722,0.265582,0.399374,4,18,11,4,0.395067,4.825192
626,scene369_tx12_x9_y50_s100,scene369_tx12_x7_y22_s128,369,12,9,50,100,7,22,128,2,28,83,17,16,0.191400,0.808600,0.225000,0.216240,0.347440,4,14,9,4,0.254441,4.705564
627,scene369_tx73_x139_y122_s100,scene369_tx73_x111_y95_s128,369,73,139,122,100,111,95,128,28,27,55,31,16,0.259200,0.740800,0.261944,0.281510,0.372685,4,21,10,4,0.541667,4.773278
628,scene36_tx46_x74_y73_s100,scene36_tx46_x46_y73_s128,36,46,74,73,100,46,73,128,28,0,80,30,16,0.246600,0.753400,0.299722,0.263504,0.382806,4,18,8,4,0.200324,4.860341
629,scene370_tx12_x39_y133_s100,scene370_tx12_x19_y105_s128,370,12,39,133,100,19,105,128,20,28,31,51,16,0.232400,0.767600,0.222500,0.245325,0.390275,4,22,11,5,0.268933,5.029630
630,scene370_tx37_x95_y128_s100,scene370_tx37_x68_y128_s128,370,37,95,128,100,68,128,128,27,0,81,29,16,0.157100,0.842900,0.207778,0.185422,0.318269,4,14,6,2,0.518141,4.180479
631,scene370_tx8_x101_y127_s100,scene370_tx8_x101_y101_s128,370,8,101,127,100,101,101,128,0,26,63,23,16,0.138100,0.861900,0.167222,0.166551,0.303403,3,14,5,2,0.589428,3.697781
632,scene371_tx11_x35_y27_s100,scene371_tx11_x7_y10_s128,371,11,35,27,100,7,10,128,28,17,57,56,16,0.216200,0.783800,0.203889,0.225762,0.396855,4,22,16,10,0.185939,5.152429
633,scene371_tx36_x81_y44_s100,scene371_tx36_x81_y20_s128,371,36,81,44,100,81,20,128,0,24,36,71,16,0.165600,0.834400,0.208056,0.179363,0.374396,4,21,14,8,0.138285,4.824611
634,scene372_tx59_x58_y70_s100,scene372_tx59_x47_y42_s128,372,59,58,70,100,47,42,128,11,28,36,46,16,0.162500,0.837500,0.160556,0.173996,0.381538,4,15,8,3,0.251077,4.545142
635,scene372_tx78_x7_y32_s100,scene372_tx78_x5_y25_s128,372,78,7,32,100,5,25,128,2,7,48,67,16,0.189800,0.810200,0.258889,0.268006,0.184405,4,16,4,2,0.457850,4.687982
636,scene373_tx30_x48_y105_s100,scene373_tx30_x48_y77_s128,373,30,48,105,100,48,77,128,0,28,40,71,16,0.217500,0.782500,0.235000,0.239439,0.364138,4,20,15,9,0.160460,5.070621
637,scene373_tx31_x67_y33_s100,scene373_tx31_x39_y9_s128,373,31,67,33,100,39,9,128,28,24,57,36,16,0.204300,0.795700,0.237222,0.213296,0.396965,4,25,22,12,0.094958,5.133614
638,scene373_tx44_x101_y80_s100,scene373_tx44_x73_y80_s128,373,44,101,80,100,73,80,128,28,0,54,18,16,0.191600,0.808400,0.287778,0.227320,0.314718,4,19,16,10,0.193633,5.060069
639,scene373_tx49_x89_y27_s100,scene373_tx49_x89_y23_s128,373,49,89,27,100,89,23,128,0,4,37,28,16,0.201100,0.798900,0.212500,0.220222,0.367479,4,21,21,13,0.086027,5.101601
640,scene373_tx51_x21_y56_s100,scene373_tx51_x21_y28_s128,373,51,21,56,100,21,28,128,0,28,35,80,16,0.242600,0.757400,0.271944,0.254155,0.394889,4,23,18,8,0.160346,4.921822
641,scene373_tx57_x142_y126_s100,scene373_tx57_x116_y98_s128,373,57,142,126,100,116,98,128,26,28,16,41,16,0.137600,0.862400,0.139722,0.143179,0.398983,4,19,13,7,0.151163,4.100205
642,scene373_tx6_x81_y83_s100,scene373_tx6_x53_y83_s128,373,6,81,83,100,53,83,128,28,0,61,38,16,0.206000,0.794000,0.278889,0.240651,0.325243,4,19,17,9,0.180097,5.163621
643,scene373_tx79_x86_y117_s100,scene373_tx79_x86_y115_s128,373,79,86,117,100,86,115,128,0,2,46,58,16,0.200200,0.799800,0.201944,0.227839,0.342657,4,20,17,8,0.170330,5.239514
644,scene374_tx71_x105_y14_s100,scene374_tx71_x83_y7_s128,374,71,105,14,100,83,7,128,22,7,73,50,16,0.145800,0.854200,0.197500,0.152528,0.395748,4,18,12,7,0.110425,4.756189
645,scene376_tx24_x40_y43_s100,scene376_tx24_x12_y15_s128,376,24,40,43,100,12,15,128,28,28,16,68,16,0.122100,0.877900,0.125833,0.148373,0.298116,4,13,8,4,0.291564,3.953991
646,scene376_tx75_x35_y11_s100,scene376_tx75_x30_y0_s128,376,75,35,11,100,30,0,128,5,11,43,43,16,0.120200,0.879800,0.135556,0.142486,0.315308,4,18,10,5,0.184692,4.369494
647,scene377_tx16_x90_y42_s100,scene377_tx16_x62_y41_s128,377,16,90,42,100,62,41,128,28,1,71,19,16,0.128500,0.871500,0.177222,0.176073,0.208560,4,15,8,5,0.206226,4.649080
648,scene378_tx16_x85_y49_s100,scene378_tx16_x84_y49_s128,378,16,85,49,100,84,49,128,1,0,80,48,16,0.150200,0.849800,0.214444,0.202562,0.221039,4,15,7,4,0.515313,4.819857
649,scene378_tx43_x38_y51_s100,scene378_tx43_x33_y46_s128,378,43,38,51,100,33,46,128,5,5,83,32,16,0.123900,0.876100,0.163333,0.158068,0.263115,4,18,11,8,0.298628,4.313018
650,scene378_tx5_x124_y49_s100,scene378_tx5_x96_y27_s128,378,5,124,49,100,96,27,128,28,22,60,51,16,0.162700,0.837300,0.273889,0.218144,0.225569,4,14,4,2,0.475722,4.676378
651,scene378_tx68_x127_y27_s100,scene378_tx68_x99_y4_s128,378,68,127,27,100,99,4,128,28,23,72,31,16,0.204000,0.796000,0.214167,0.220048,0.376961,4,19,5,1,0.379412,4.244843
652,scene379_tx62_x112_y46_s100,scene379_tx62_x112_y18_s128,379,62,112,46,100,112,18,128,0,28,40,17,16,0.162800,0.837200,0.198889,0.175208,0.378378,4,16,5,2,0.320025,4.295158
653,scene379_tx66_x92_y80_s100,scene379_tx66_x82_y80_s128,379,66,92,80,100,82,80,128,10,0,54,47,16,0.136800,0.863200,0.140556,0.153740,0.350877,3,13,5,2,0.374269,3.841907
654,scene379_tx74_x98_y51_s100,scene379_tx74_x76_y23_s128,379,74,98,51,100,76,23,128,22,28,79,23,16,0.167000,0.833000,0.218889,0.197368,0.317365,4,16,6,2,0.311976,4.400272
655,scene380_tx42_x45_y39_s100,scene380_tx42_x17_y21_s128,380,42,45,39,100,17,21,128,28,18,80,23,16,0.195000,0.805000,0.231389,0.203774,0.396410,4,16,4,1,0.452821,3.778932
656,scene380_tx46_x56_y53_s100,scene380_tx46_x28_y53_s128,380,46,56,53,100,28,53,128,28,0,83,16,16,0.190100,0.809900,0.303889,0.239439,0.272488,4,16,5,1,0.464492,4.085638
657,scene380_tx60_x51_y34_s100,scene380_tx60_x41_y6_s128,380,60,51,34,100,41,6,128,10,28,16,59,16,0.209200,0.790800,0.221667,0.225069,0.378585,4,17,4,1,0.422084,4.028489
658,scene380_tx66_x21_y65_s100,scene380_tx66_x4_y59_s128,380,66,21,65,100,4,59,128,17,6,50,50,16,0.220800,0.779200,0.224444,0.238747,0.375453,4,19,5,1,0.395833,4.559873
659,scene381_tx39_x151_y23_s100,scene381_tx39_x123_y4_s128,381,39,151,23,100,123,4,128,28,19,50,76,16,0.151000,0.849000,0.218889,0.214162,0.180795,4,20,18,14,0.089404,5.362739
660,scene381_tx43_x152_y64_s100,scene381_tx43_x124_y48_s128,381,43,152,64,100,124,48,128,28,16,48,46,16,0.160700,0.839300,0.203056,0.193213,0.305538,4,20,14,8,0.108276,5.241796
661,scene383_tx3_x117_y114_s100,scene383_tx3_x117_y99_s128,383,3,117,114,100,117,99,128,0,15,80,50,16,0.154000,0.846000,0.178611,0.174688,0.344805,4,18,18,10,0.084416,4.773383
662,scene383_tx41_x118_y105_s100,scene383_tx41_x118_y91_s128,383,41,118,105,100,118,91,128,0,14,52,17,16,0.148100,0.851900,0.173889,0.168975,0.340986,4,21,16,10,0.087779,4.670721
663,scene383_tx52_x74_y107_s100,scene383_tx52_x55_y87_s128,383,52,74,107,100,55,87,128,19,20,61,42,16,0.145800,0.854200,0.194722,0.164474,0.348422,4,18,17,10,0.088477,4.910448
664,scene383_tx54_x112_y48_s100,scene383_tx54_x98_y48_s128,383,54,112,48,100,98,48,128,14,0,16,44,16,0.126500,0.873500,0.118611,0.143698,0.343874,4,17,14,9,0.157312,4.039856
665,scene383_tx62_x128_y143_s100,scene383_tx62_x104_y123_s128,383,62,128,143,100,104,123,128,24,20,16,16,16,0.176000,0.824000,0.192222,0.187327,0.385227,4,19,20,12,0.073864,4.594588
666,scene383_tx9_x23_y43_s100,scene383_tx9_x23_y27_s128,383,9,23,43,100,23,27,128,0,16,37,83,16,0.207100,0.792900,0.190556,0.221087,0.383390,4,21,16,9,0.425398,4.622963
667,scene384_tx60_x34_y24_s100,scene384_tx60_x6_y11_s128,384,60,34,24,100,6,11,128,28,13,69,38,16,0.126300,0.873700,0.182222,0.151662,0.306413,4,11,3,1,0.665875,3.259486
668,scene384_tx78_x153_y31_s100,scene384_tx78_x125_y10_s128,384,78,153,31,100,125,10,128,28,21,21,83,16,0.146800,0.853200,0.128889,0.163954,0.354905,3,12,5,1,0.606948,2.895046
669,scene386_tx58_x134_y6_s100,scene386_tx58_x120_y6_s128,386,58,134,6,100,120,6,128,14,0,56,65,16,0.176500,0.823500,0.226389,0.215374,0.295184,4,18,5,1,0.334844,4.517853
670,scene386_tx60_x128_y63_s100,scene386_tx60_x104_y43_s128,386,60,128,63,100,104,43,128,24,20,50,16,16,0.229100,0.770900,0.274722,0.242209,0.389350,4,19,5,1,0.431253,4.239320
671,scene388_tx59_x28_y110_s100,scene388_tx59_x28_y95_s128,388,59,28,110,100,28,95,128,0,15,31,16,16,0.123900,0.876100,0.133889,0.147161,0.313963,4,17,14,10,0.098467,4.150541
672,scene389_tx25_x19_y29_s100,scene389_tx25_x2_y20_s128,389,25,19,29,100,2,20,128,17,9,83,50,16,0.131400,0.868600,0.210556,0.158587,0.302892,4,12,3,1,0.617960,3.528053
673,scene389_tx76_x120_y34_s100,scene389_tx76_x110_y34_s128,389,76,120,34,100,110,34,128,10,0,34,24,16,0.126200,0.873800,0.107222,0.132098,0.395404,4,13,5,2,0.475436,3.266048
674,scene395_tx44_x56_y63_s100,scene395_tx44_x56_y54_s128,395,44,56,63,100,56,54,128,0,9,36,22,16,0.120600,0.879400,0.138333,0.134868,0.354063,3,12,7,3,0.252073,3.816238
675,scene397_tx15_x87_y124_s100,scene397_tx15_x84_y119_s128,397,15,87,124,100,84,119,128,3,5,30,42,16,0.156000,0.844000,0.148333,0.162050,0.400000,4,16,8,4,0.338462,4.213626
676,scene397_tx19_x107_y10_s100,scene397_tx19_x104_y10_s128,397,19,107,10,100,104,10,128,3,0,48,52,16,0.120700,0.879300,0.145278,0.145776,0.302403,4,16,10,5,0.198012,4.538991
677,scene397_tx66_x52_y33_s100,scene397_tx66_x33_y27_s128,397,66,52,33,100,33,27,128,19,6,16,71,16,0.122500,0.877500,0.131389,0.134003,0.368163,4,16,10,3,0.204082,3.885177
678,scene397_tx69_x27_y89_s100,scene397_tx69_x4_y85_s128,397,69,27,89,100,4,85,128,23,4,75,29,16,0.131700,0.868300,0.191944,0.175208,0.231587,4,14,6,3,0.434320,4.562497
679,scene399_tx8_x41_y111_s100,scene399_tx8_x37_y83_s128,399,8,41,111,100,37,83,128,4,28,83,52,16,0.125100,0.874900,0.145833,0.149584,0.309353,4,14,8,5,0.191847,4.312864
680,scene39_tx74_x74_y125_s100,scene39_tx74_x74_y116_s128,39,74,74,125,100,74,116,128,0,9,47,47,16,0.248800,0.751200,0.303889,0.282375,0.344453,4,16,10,4,0.208199,5.251277
681,scene3_tx16_x89_y28_s100,scene3_tx16_x88_y15_s128,3,16,89,28,100,88,15,128,1,13,47,59,16,0.236500,0.763500,0.281944,0.306960,0.250317,4,22,9,5,0.391121,5.151611
682,scene3_tx1_x13_y106_s100,scene3_tx1_x12_y99_s128,3,1,13,106,100,12,99,128,1,7,56,18,16,0.258600,0.741400,0.242500,0.276489,0.382444,4,22,16,7,0.116396,5.032311
683,scene3_tx61_x33_y106_s100,scene3_tx61_x10_y99_s128,3,61,33,106,100,10,99,128,23,7,55,35,16,0.259800,0.740200,0.264167,0.289474,0.356428,4,22,13,6,0.115858,5.208014
684,scene400_tx17_x106_y93_s100,scene400_tx17_x98_y71_s128,400,17,106,93,100,98,71,128,8,22,79,83,16,0.164600,0.835400,0.225278,0.205679,0.278250,4,15,5,2,0.321993,4.435523
685,scene400_tx58_x64_y44_s100,scene400_tx58_x44_y23_s128,400,58,64,44,100,44,23,128,20,21,18,16,16,0.131400,0.868600,0.138333,0.154432,0.321157,4,12,4,1,0.373668,3.167668
686,scene400_tx62_x64_y36_s100,scene400_tx62_x61_y18_s128,400,62,64,36,100,61,18,128,3,18,31,17,16,0.129100,0.870900,0.120278,0.141101,0.368706,4,12,5,1,0.380325,3.177513
687,scene400_tx64_x117_y34_s100,scene400_tx64_x92_y11_s128,400,64,117,34,100,92,11,128,25,23,82,19,16,0.140300,0.859700,0.204167,0.167071,0.312188,4,11,6,2,0.349964,4.076034
688,scene400_tx7_x56_y87_s100,scene400_tx7_x46_y87_s128,400,7,56,87,100,46,87,128,10,0,80,51,16,0.143500,0.856500,0.161111,0.152701,0.385366,3,12,5,1,0.450174,3.411762
689,scene402_tx19_x39_y127_s100,scene402_tx19_x39_y99_s128,402,19,39,127,100,39,99,128,0,28,17,53,16,0.214100,0.785900,0.266667,0.260215,0.297992,4,16,6,4,0.403083,4.891636
690,scene402_tx36_x57_y11_s100,scene402_tx36_x29_y0_s128,402,36,57,11,100,29,0,128,28,11,17,43,16,0.172300,0.827700,0.226667,0.220568,0.260592,3,14,3,2,0.435868,4.088342
691,scene403_tx15_x96_y59_s100,scene403_tx15_x96_y48_s128,403,15,96,59,100,96,48,128,0,11,75,16,16,0.124900,0.875100,0.161389,0.146814,0.321057,3,9,4,1,0.493195,2.811051
692,scene403_tx23_x70_y57_s100,scene403_tx23_x54_y29_s128,403,23,70,57,100,54,29,128,16,28,69,44,16,0.146300,0.853700,0.243333,0.220048,0.131237,4,14,4,3,0.399863,5.022638
693,scene403_tx75_x99_y110_s100,scene403_tx75_x89_y82_s128,403,75,99,110,100,89,82,128,10,28,75,63,16,0.148300,0.851700,0.244444,0.202562,0.211059,4,12,3,1,0.685098,3.777694
694,scene404_tx12_x128_y120_s100,scene404_tx12_x100_y92_s128,404,12,128,120,100,100,92,128,28,28,63,58,16,0.136900,0.863100,0.228611,0.176073,0.257122,4,16,6,3,0.272462,4.938639
695,scene404_tx27_x118_y84_s100,scene404_tx27_x95_y81_s128,404,27,118,84,100,95,81,128,23,3,22,57,16,0.135800,0.864200,0.213611,0.199965,0.149485,4,15,4,3,0.281296,4.918172
696,scene404_tx52_x126_y40_s100,scene404_tx52_x123_y37_s128,404,52,126,40,100,123,37,128,3,3,54,58,16,0.168400,0.831600,0.215833,0.214508,0.264252,4,18,7,4,0.226841,5.252786
697,scene405_tx30_x104_y46_s100,scene405_tx30_x96_y45_s128,405,30,104,46,100,96,45,128,8,1,16,21,16,0.174500,0.825500,0.218611,0.187500,0.379370,4,16,6,2,0.217765,4.300829
698,scene405_tx37_x87_y108_s100,scene405_tx37_x60_y100_s128,405,37,87,108,100,60,100,128,27,8,83,73,16,0.150300,0.849700,0.237778,0.219875,0.155023,4,16,5,4,0.274784,5.017987
699,scene405_tx62_x36_y122_s100,scene405_tx62_x35_y122_s128,405,62,36,122,100,35,122,128,1,0,21,71,16,0.149700,0.850300,0.165000,0.166724,0.356713,4,12,5,2,0.295257,4.003951
700,scene405_tx77_x80_y23_s100,scene405_tx77_x80_y15_s128,405,77,80,23,100,80,15,128,0,8,47,50,16,0.199300,0.800700,0.229167,0.231302,0.329654,4,17,8,3,0.199197,5.301138
701,scene406_tx53_x121_y90_s100,scene406_tx53_x106_y90_s128,406,53,121,90,100,106,90,128,15,0,18,28,16,0.136500,0.863500,0.203611,0.172265,0.271062,4,13,5,1,0.383150,4.004182
702,scene406_tx7_x120_y82_s100,scene406_tx7_x111_y75_s128,406,7,120,82,100,111,75,128,9,7,44,16,16,0.151800,0.848200,0.185556,0.162050,0.383399,4,15,6,1,0.295784,3.903179
703,scene407_tx23_x71_y100_s100,scene407_tx23_x48_y95_s128,407,23,71,100,100,48,95,128,23,5,30,51,16,0.128000,0.872000,0.284167,0.202389,0.086719,4,13,7,5,0.317969,5.245707
704,scene407_tx42_x90_y109_s100,scene407_tx42_x88_y101_s128,407,42,90,109,100,88,101,128,2,8,47,83,16,0.144700,0.855300,0.173056,0.154259,0.384243,4,16,9,3,0.281272,4.350565
705,scene407_tx47_x42_y98_s100,scene407_tx47_x42_y82_s128,407,47,42,98,100,42,82,128,0,16,39,53,16,0.127700,0.872300,0.265833,0.197022,0.108849,4,14,7,6,0.194205,5.357263
706,scene407_tx51_x37_y100_s100,scene407_tx51_x37_y73_s128,407,51,37,100,100,37,73,128,0,27,20,63,16,0.120100,0.879900,0.264444,0.197022,0.052456,4,14,7,6,0.206495,5.181874
707,scene407_tx61_x79_y111_s100,scene407_tx61_x77_y109_s128,407,61,79,111,100,77,109,128,2,2,83,83,16,0.154400,0.845600,0.189167,0.177805,0.334845,4,17,9,4,0.263601,4.426956
708,scene409_tx10_x10_y53_s100,scene409_tx10_x9_y36_s128,409,10,10,53,100,9,36,128,1,17,43,73,16,0.120300,0.879700,0.136111,0.144391,0.306733,3,11,4,2,0.330840,3.432861
709,scene409_tx24_x10_y53_s100,scene409_tx24_x9_y39_s128,409,24,10,53,100,9,39,128,1,14,50,49,16,0.120300,0.879700,0.136111,0.144391,0.306733,3,11,4,2,0.330840,3.664861
710,scene40_tx72_x18_y87_s100,scene40_tx72_x18_y65_s128,40,72,18,87,100,18,65,128,0,22,79,29,16,0.259300,0.740700,0.356667,0.276662,0.383725,4,19,13,5,0.176629,4.880563
711,scene411_tx75_x145_y76_s100,scene411_tx75_x123_y74_s128,411,75,145,76,100,123,74,128,22,2,50,69,16,0.186500,0.813500,0.217222,0.219356,0.320643,4,21,12,7,0.156032,5.219286
712,scene412_tx4_x35_y111_s100,scene412_tx4_x30_y83_s128,412,4,35,111,100,30,83,128,5,28,28,71,16,0.198700,0.801300,0.199722,0.231648,0.326623,4,21,6,2,0.271263,4.651304
713,scene412_tx54_x87_y66_s100,scene412_tx54_x67_y66_s128,412,54,87,66,100,67,66,128,20,0,44,39,16,0.215300,0.784700,0.206111,0.223684,0.399907,4,15,5,1,0.270785,4.507072
714,scene412_tx77_x44_y22_s100,scene412_tx77_x16_y13_s128,412,77,44,22,100,16,13,128,28,9,53,52,16,0.231500,0.768500,0.294444,0.276489,0.310151,4,18,9,3,0.340821,5.181080
715,scene413_tx2_x88_y72_s100,scene413_tx2_x60_y62_s128,413,2,88,72,100,60,62,128,28,10,26,82,16,0.120000,0.880000,0.172500,0.132098,0.364167,3,10,4,3,0.492500,3.389786
716,scene413_tx74_x102_y49_s100,scene413_tx74_x90_y24_s128,413,74,102,49,100,90,24,128,12,25,70,16,16,0.123300,0.876700,0.178056,0.128289,0.399027,3,10,4,3,0.479319,3.393931
717,scene414_tx43_x10_y71_s100,scene414_tx43_x4_y48_s128,414,43,10,71,100,4,48,128,6,23,74,83,16,0.184300,0.815700,0.198889,0.206544,0.352686,4,18,7,2,0.544764,4.182650
718,scene414_tx46_x56_y50_s100,scene414_tx46_x47_y50_s128,414,46,56,50,100,47,50,128,9,0,40,40,16,0.133600,0.866400,0.178333,0.188539,0.184880,4,15,10,7,0.175150,5.037236
719,scene414_tx7_x122_y89_s100,scene414_tx7_x106_y71_s128,414,7,122,89,100,106,71,128,16,18,73,27,16,0.138000,0.862000,0.206667,0.192175,0.195652,4,14,8,6,0.193478,4.971312
720,scene414_tx8_x111_y47_s100,scene414_tx8_x83_y19_s128,414,8,111,47,100,83,19,128,28,28,65,59,16,0.157800,0.842200,0.182222,0.193560,0.291508,4,16,10,7,0.169202,4.937244
721,scene415_tx37_x71_y136_s100,scene415_tx37_x71_y113_s128,415,37,71,136,100,71,113,128,0,23,46,59,16,0.142900,0.857100,0.183056,0.176247,0.287614,3,13,5,2,0.408677,4.259121
722,scene415_tx51_x46_y69_s100,scene415_tx51_x35_y41_s128,415,51,46,69,100,35,41,128,11,28,50,78,16,0.188100,0.811900,0.281667,0.271988,0.164806,4,15,3,1,0.670388,4.021550
723,scene415_tx63_x36_y133_s100,scene415_tx63_x19_y108_s128,415,63,36,133,100,19,108,128,17,25,32,69,16,0.162800,0.837200,0.203056,0.224896,0.202088,4,20,7,4,0.335995,5.059098
724,scene419_tx2_x43_y118_s100,scene419_tx2_x42_y118_s128,419,2,43,118,100,42,118,128,1,0,62,29,16,0.133200,0.866800,0.236389,0.152008,0.340841,4,12,5,2,0.557808,4.087434
725,scene420_tx18_x127_y136_s100,scene420_tx18_x122_y124_s128,420,18,127,136,100,122,124,128,5,12,35,16,16,0.120700,0.879300,0.126111,0.158587,0.241094,4,16,5,2,0.299089,3.830640
726,scene421_tx20_x105_y118_s100,scene421_tx20_x78_y90_s128,421,20,105,118,100,78,90,128,27,28,25,62,16,0.147600,0.852400,0.209722,0.174342,0.317751,3,12,4,2,0.457317,3.935404
727,scene421_tx26_x139_y39_s100,scene421_tx26_x118_y37_s128,421,26,139,39,100,118,37,128,21,2,39,83,16,0.126200,0.873800,0.216667,0.186115,0.148177,4,13,3,1,0.447702,3.929094
728,scene423_tx66_x95_y67_s100,scene423_tx66_x72_y39_s128,423,66,95,67,100,72,39,128,23,28,34,51,16,0.139000,0.861000,0.182500,0.177458,0.262590,4,17,21,16,0.102878,5.001757
729,scene424_tx19_x65_y103_s100,scene424_tx19_x60_y81_s128,424,19,65,103,100,60,81,128,5,22,35,75,16,0.154800,0.845200,0.205000,0.196849,0.265504,4,21,15,10,0.283592,4.879885
730,scene424_tx22_x21_y40_s100,scene424_tx22_x7_y40_s128,424,22,21,40,100,7,40,128,14,0,64,21,16,0.139600,0.860400,0.183889,0.172265,0.287249,4,20,21,15,0.118195,4.731773
731,scene424_tx9_x81_y145_s100,scene424_tx9_x53_y117_s128,424,9,81,145,100,53,117,128,28,28,72,57,16,0.216200,0.783800,0.291111,0.239785,0.359389,4,20,9,4,0.428307,4.851256
732,scene426_tx72_x60_y37_s100,scene426_tx72_x48_y10_s128,426,72,60,37,100,48,10,128,12,27,46,50,16,0.130300,0.869700,0.210278,0.193906,0.140445,4,12,10,7,0.335380,5.255292
733,scene428_tx10_x123_y12_s100,scene428_tx10_x95_y8_s128,428,10,123,12,100,95,8,128,28,4,52,50,16,0.176400,0.823600,0.207778,0.210526,0.310658,4,14,3,1,0.647392,4.023550
734,scene428_tx29_x21_y132_s100,scene428_tx29_x21_y104_s128,428,29,21,132,100,21,104,128,0,28,41,54,16,0.193400,0.806600,0.296389,0.257964,0.229576,4,16,6,2,0.237332,5.040243
735,scene428_tx38_x67_y4_s100,scene428_tx38_x67_y4_s128,428,38,67,4,100,67,4,128,0,0,69,49,16,0.126500,0.873500,0.189722,0.164647,0.248221,4,14,6,3,0.256126,4.837750
736,scene428_tx54_x93_y41_s100,scene428_tx54_x75_y41_s128,428,54,93,41,100,75,41,128,18,0,69,50,16,0.164100,0.835900,0.145556,0.170880,0.398537,4,14,6,1,0.485070,3.650818
737,scene429_tx32_x51_y83_s100,scene429_tx32_x42_y70_s128,429,32,51,83,100,42,70,128,9,13,16,76,16,0.194400,0.805600,0.215833,0.214335,0.363169,3,14,4,1,0.621399,3.500706
738,scene429_tx67_x37_y58_s100,scene429_tx67_x17_y58_s128,429,67,37,58,100,17,58,128,20,0,16,35,16,0.142300,0.857700,0.194167,0.166205,0.325369,3,14,5,2,0.647224,3.734128
739,scene429_tx71_x42_y64_s100,scene429_tx71_x14_y64_s128,429,71,42,64,100,14,64,128,28,0,29,43,16,0.161000,0.839000,0.215000,0.174515,0.373913,3,13,5,2,0.641615,3.935086
740,scene430_tx13_x126_y128_s100,scene430_tx13_x122_y119_s128,430,13,126,128,100,122,119,128,4,9,73,37,16,0.157600,0.842400,0.269722,0.224896,0.175761,4,14,5,3,0.356599,5.080147
741,scene430_tx44_x136_y20_s100,scene430_tx44_x108_y3_s128,430,44,136,20,100,108,3,128,28,17,53,47,16,0.171300,0.828700,0.241944,0.216413,0.270286,4,14,5,2,0.331582,4.942999
742,scene431_tx22_x21_y54_s100,scene431_tx22_x21_y28_s128,431,22,21,54,100,21,28,128,0,26,34,27,16,0.131600,0.868400,0.143333,0.146641,0.356383,4,16,8,3,0.350304,4.048262
743,scene431_tx28_x35_y105_s100,scene431_tx28_x33_y85_s128,431,28,35,105,100,33,85,128,2,20,29,60,16,0.150600,0.849400,0.154444,0.157202,0.397078,3,15,9,3,0.274900,4.066673
744,scene431_tx49_x4_y73_s100,scene431_tx49_x4_y49_s128,431,49,4,73,100,4,49,128,0,24,65,83,16,0.167700,0.832300,0.238611,0.178497,0.385212,4,15,7,2,0.274896,4.313294
745,scene431_tx52_x15_y100_s100,scene431_tx52_x15_y73_s128,431,52,15,100,100,15,73,128,0,27,70,65,16,0.198800,0.801200,0.200000,0.208449,0.394366,4,20,10,3,0.231891,4.875052
746,scene432_tx32_x38_y83_s100,scene432_tx32_x38_y83_s128,432,32,38,83,100,38,83,128,0,0,25,24,16,0.189500,0.810500,0.197778,0.230783,0.296570,4,19,6,1,0.328760,4.291343
747,scene432_tx36_x37_y71_s100,scene432_tx36_x22_y43_s128,432,36,37,71,100,22,43,128,15,28,54,66,16,0.198000,0.802000,0.203889,0.241517,0.295455,4,18,5,2,0.316667,4.833788
748,scene432_tx69_x34_y63_s100,scene432_tx69_x34_y62_s128,432,69,34,63,100,34,62,128,0,1,75,16,16,0.192900,0.807100,0.214444,0.209314,0.373250,4,18,5,2,0.325039,4.362613
749,scene433_tx11_x64_y85_s100,scene433_tx11_x64_y68_s128,433,11,64,85,100,64,68,128,0,17,44,41,16,0.151600,0.848400,0.197500,0.179536,0.315963,4,16,6,4,0.256596,4.931695
750,scene433_tx12_x41_y151_s100,scene433_tx12_x13_y126_s128,433,12,41,151,100,13,126,128,28,25,58,44,16,0.187200,0.812800,0.271944,0.267140,0.175748,4,20,7,4,0.299145,5.307872
751,scene433_tx13_x112_y67_s100,scene433_tx13_x84_y57_s128,433,13,112,67,100,84,57,128,28,10,71,19,16,0.132400,0.867600,0.199167,0.172784,0.246224,4,12,6,3,0.336103,4.622664
752,scene433_tx18_x56_y125_s100,scene433_tx18_x56_y97_s128,433,18,56,125,100,56,97,128,0,28,47,73,16,0.166600,0.833400,0.215000,0.187327,0.350540,4,17,7,4,0.257503,4.861382
753,scene433_tx34_x44_y113_s100,scene433_tx34_x37_y93_s128,433,34,44,113,100,37,93,128,7,20,21,53,16,0.172400,0.827600,0.204167,0.183691,0.384571,4,16,9,3,0.206497,4.798620
754,scene433_tx39_x50_y63_s100,scene433_tx39_x50_y54_s128,433,39,50,63,100,50,54,128,0,9,48,24,16,0.136000,0.864000,0.176944,0.179363,0.238235,4,18,6,3,0.286029,4.749645
755,scene435_tx20_x124_y130_s100,scene435_tx20_x124_y102_s128,435,20,124,130,100,124,102,128,0,28,24,61,16,0.150700,0.849300,0.200000,0.182306,0.301261,4,14,5,1,0.365627,4.174486
756,scene435_tx38_x138_y139_s100,scene435_tx38_x125_y111_s128,435,38,138,139,100,125,111,128,13,28,33,54,16,0.156100,0.843900,0.210833,0.190270,0.295964,4,17,5,1,0.352979,4.363666
757,scene435_tx47_x138_y113_s100,scene435_tx47_x116_y85_s128,435,47,138,113,100,116,85,128,22,28,16,22,16,0.135200,0.864800,0.202222,0.178324,0.238166,4,15,4,1,0.407544,3.830755
758,scene436_tx19_x68_y128_s100,scene436_tx19_x55_y126_s128,436,19,68,128,100,55,126,128,13,2,83,47,16,0.136000,0.864000,0.138889,0.144737,0.385294,4,17,6,2,0.345588,3.733647
759,scene436_tx6_x9_y114_s100,scene436_tx6_x2_y87_s128,436,6,9,114,100,2,87,128,7,27,44,66,16,0.121700,0.878300,0.161944,0.150450,0.285949,4,12,5,1,0.395234,3.846065
760,scene437_tx15_x130_y39_s100,scene437_tx15_x121_y39_s128,437,15,130,39,100,121,39,128,9,0,49,45,16,0.173500,0.826500,0.186944,0.214335,0.286455,4,21,14,8,0.213256,5.194035
761,scene437_tx33_x42_y121_s100,scene437_tx33_x35_y114_s128,437,33,42,121,100,35,114,128,7,7,16,42,16,0.121300,0.878700,0.177778,0.152874,0.272053,4,13,6,3,0.377576,4.376020
762,scene437_tx47_x125_y113_s100,scene437_tx47_x99_y87_s128,437,47,125,113,100,99,87,128,26,26,69,32,16,0.140300,0.859700,0.125556,0.145776,0.399857,4,19,14,8,0.170349,4.044885
763,scene437_tx54_x133_y58_s100,scene437_tx54_x115_y54_s128,437,54,133,58,100,115,54,128,18,4,32,54,16,0.161600,0.838400,0.177778,0.201697,0.279084,4,21,14,8,0.228960,4.927643
764,scene437_tx57_x131_y113_s100,scene437_tx57_x103_y99_s128,437,57,131,113,100,103,99,128,28,14,43,29,16,0.142700,0.857300,0.155278,0.149584,0.394534,4,18,13,8,0.167484,4.354683
765,scene437_tx5_x73_y28_s100,scene437_tx5_x73_y16_s128,437,5,73,28,100,73,16,128,0,12,48,77,16,0.165900,0.834100,0.239167,0.213989,0.254973,4,18,8,3,0.285112,5.072644
766,scene437_tx74_x144_y96_s100,scene437_tx74_x121_y90_s128,437,74,144,96,100,121,90,128,23,6,56,39,16,0.158900,0.841100,0.182500,0.199273,0.275645,4,19,13,8,0.166142,5.048141
767,scene438_tx66_x128_y98_s100,scene438_tx66_x114_y81_s128,438,66,128,98,100,114,81,128,14,17,58,72,16,0.152700,0.847300,0.177778,0.172784,0.346431,4,16,12,6,0.171578,4.676765
768,scene438_tx70_x81_y29_s100,scene438_tx70_x56_y7_s128,438,70,81,29,100,56,7,128,25,22,79,61,16,0.171000,0.829000,0.199722,0.189058,0.361404,4,19,9,3,0.198830,4.796650
769,scene439_tx22_x19_y55_s100,scene439_tx22_x0_y27_s128,439,22,19,55,100,0,27,128,19,28,58,50,16,0.121200,0.878800,0.110556,0.126558,0.396865,3,12,7,3,0.460396,3.609612
770,scene439_tx25_x119_y81_s100,scene439_tx25_x119_y53_s128,439,25,119,81,100,119,53,128,0,28,35,70,16,0.125400,0.874600,0.176389,0.145776,0.328549,4,15,9,5,0.221691,4.456082
771,scene442_tx74_x39_y118_s100,scene442_tx74_x14_y90_s128,442,74,39,118,100,14,90,128,25,28,67,72,16,0.253000,0.747000,0.274722,0.277528,0.366403,4,18,5,2,0.441502,4.484298
772,scene442_tx9_x38_y123_s100,scene442_tx9_x38_y95_s128,442,9,38,123,100,38,95,128,0,28,34,62,16,0.241800,0.758200,0.276944,0.260215,0.378412,4,19,5,2,0.419355,4.577820
773,scene444_tx12_x85_y113_s100,scene444_tx12_x65_y86_s128,444,12,85,113,100,65,86,128,20,27,68,81,16,0.129400,0.870600,0.172500,0.149238,0.333849,4,17,8,2,0.305255,3.987512
774,scene444_tx15_x119_y115_s100,scene444_tx15_x108_y87_s128,444,15,119,115,100,108,87,128,11,28,67,77,16,0.126600,0.873400,0.135278,0.132791,0.394155,4,14,8,2,0.275671,3.631502
775,scene444_tx17_x119_y123_s100,scene444_tx17_x116_y103_s128,444,17,119,123,100,116,103,128,3,20,47,72,16,0.121500,0.878500,0.128056,0.149065,0.291358,4,13,7,4,0.287243,4.201323
776,scene444_tx25_x72_y18_s100,scene444_tx25_x55_y18_s128,444,25,72,18,100,55,18,128,17,0,16,49,16,0.186500,0.813500,0.198056,0.210526,0.347989,4,21,11,4,0.230563,4.929620
777,scene444_tx48_x72_y38_s100,scene444_tx48_x68_y37_s128,444,48,72,38,100,68,37,128,4,1,47,83,16,0.164100,0.835900,0.203056,0.197022,0.306520,4,20,11,6,0.238269,4.904399
778,scene444_tx53_x40_y48_s100,scene444_tx53_x27_y39_s128,444,53,40,48,100,27,39,128,13,9,72,83,16,0.187400,0.812600,0.203333,0.203255,0.373533,4,19,8,3,0.338314,4.615941
779,scene444_tx69_x120_y121_s100,scene444_tx69_x109_y114_s128,444,69,120,121,100,109,114,128,11,7,77,43,16,0.121700,0.878300,0.128611,0.148719,0.294166,4,13,7,3,0.286771,4.128379
780,scene444_tx7_x105_y31_s100,scene444_tx7_x103_y29_s128,444,7,105,31,100,103,29,128,2,2,51,30,16,0.144800,0.855200,0.156944,0.188019,0.250000,4,18,11,8,0.114641,4.852995
781,scene445_tx14_x116_y85_s100,scene445_tx14_x88_y73_s128,445,14,116,85,100,88,73,128,28,12,72,60,16,0.128300,0.871700,0.170000,0.157029,0.293063,4,14,6,4,0.245518,4.517880
782,scene445_tx15_x33_y121_s100,scene445_tx15_x17_y93_s128,445,15,33,121,100,17,93,128,16,28,83,75,16,0.151200,0.848800,0.219167,0.176593,0.325397,4,15,10,6,0.201720,4.627210
783,scene445_tx1_x152_y69_s100,scene445_tx1_x125_y41_s128,445,1,152,69,100,125,41,128,27,28,34,81,16,0.166400,0.833600,0.199722,0.193386,0.328726,4,18,12,5,0.171875,4.827732
784,scene445_tx41_x26_y125_s100,scene445_tx41_x1_y125_s128,445,41,26,125,100,1,125,128,25,0,67,30,16,0.140000,0.860000,0.205833,0.189578,0.217857,4,18,9,6,0.217857,4.980559
785,scene445_tx47_x28_y125_s100,scene445_tx47_x4_y106_s128,445,47,28,125,100,4,106,128,24,19,83,52,16,0.142600,0.857400,0.204722,0.189058,0.234222,4,18,9,6,0.213885,4.977664
786,scene445_tx52_x60_y21_s100,scene445_tx52_x60_y21_s128,445,52,60,21,100,60,21,128,0,0,48,66,16,0.159800,0.840200,0.162500,0.181614,0.343554,4,22,13,8,0.113267,4.769914
787,scene445_tx70_x22_y36_s100,scene445_tx70_x7_y12_s128,445,70,22,36,100,7,12,128,15,24,35,25,16,0.167200,0.832800,0.203611,0.213816,0.261364,4,22,12,9,0.122608,5.122285
788,scene445_tx7_x27_y70_s100,scene445_tx7_x25_y43_s128,445,7,27,70,100,25,43,128,2,27,27,35,16,0.161700,0.838300,0.184722,0.220568,0.212121,4,20,11,9,0.126778,5.120410
789,scene446_tx11_x126_y113_s100,scene446_tx11_x115_y113_s128,446,11,126,113,100,115,113,128,11,0,42,66,16,0.147200,0.852800,0.171111,0.178670,0.298913,4,18,11,7,0.180027,4.759623
790,scene446_tx30_x106_y123_s100,scene446_tx30_x88_y99_s128,446,30,106,123,100,88,99,128,18,24,35,76,16,0.138500,0.861500,0.152778,0.150970,0.370397,4,16,13,7,0.091697,4.337911
791,scene446_tx3_x73_y116_s100,scene446_tx3_x57_y90_s128,446,3,73,116,100,57,90,128,16,26,77,33,16,0.121200,0.878800,0.135833,0.135734,0.353135,4,13,11,7,0.128713,4.099597
792,scene446_tx79_x37_y40_s100,scene446_tx79_x19_y26_s128,446,79,37,40,100,19,26,128,18,14,16,81,16,0.142000,0.858000,0.201944,0.174861,0.288732,4,15,7,3,0.390845,4.435551
793,scene446_tx8_x90_y12_s100,scene446_tx8_x62_y8_s128,446,8,90,12,100,62,8,128,28,4,71,47,16,0.152100,0.847900,0.205000,0.187327,0.288626,4,16,6,2,0.531887,4.438067
794,scene447_tx26_x31_y66_s100,scene447_tx26_x31_y43_s128,447,26,31,66,100,31,43,128,0,23,35,52,16,0.198800,0.801200,0.250000,0.231648,0.326962,4,15,5,1,0.656439,4.247518
795,scene447_tx53_x131_y61_s100,scene447_tx53_x115_y61_s128,447,53,131,61,100,115,61,128,16,0,16,16,16,0.182300,0.817700,0.269444,0.239439,0.241360,4,19,6,3,0.402633,4.703998
796,scene447_tx73_x101_y57_s100,scene447_tx73_x74_y30_s128,447,73,101,57,100,74,30,128,27,27,48,76,16,0.181900,0.818100,0.233611,0.220048,0.301264,4,14,5,1,0.403518,4.417983
797,scene448_tx42_x121_y67_s100,scene448_tx42_x94_y42_s128,448,42,121,67,100,94,42,128,27,25,36,27,16,0.123600,0.876400,0.199444,0.174342,0.185275,3,10,3,1,0.568770,3.413511
798,scene449_tx20_x54_y110_s100,scene449_tx20_x51_y83_s128,449,20,54,110,100,51,83,128,3,27,47,66,16,0.120100,0.879900,0.153889,0.146295,0.296420,4,11,4,1,0.666112,3.299658
799,scene449_tx26_x52_y119_s100,scene449_tx26_x39_y94_s128,449,26,52,119,100,39,94,128,13,25,17,35,16,0.120000,0.880000,0.199722,0.138504,0.333333,3,13,5,1,0.666667,3.336199
800,scene449_tx46_x108_y100_s100,scene449_tx46_x93_y92_s128,449,46,108,100,100,93,92,128,15,8,28,65,16,0.135400,0.864600,0.194167,0.162050,0.308715,4,15,5,2,0.315362,4.326125
801,scene449_tx67_x63_y86_s100,scene449_tx67_x54_y60_s128,449,67,63,86,100,54,60,128,9,26,83,73,16,0.141700,0.858300,0.178889,0.165339,0.326041,4,13,5,1,0.438250,3.687066
802,scene449_tx74_x132_y93_s100,scene449_tx74_x116_y68_s128,449,74,132,93,100,116,68,128,16,25,34,26,16,0.195700,0.804300,0.211389,0.219875,0.351048,4,17,5,2,0.269801,4.648576
803,scene449_tx76_x57_y113_s100,scene449_tx76_x29_y112_s128,449,76,57,113,100,29,112,128,28,1,83,16,16,0.122100,0.877900,0.166389,0.142659,0.325143,3,13,4,1,0.655201,2.833678
804,scene449_tx7_x43_y140_s100,scene449_tx7_x43_y120_s128,449,7,43,140,100,43,120,128,0,20,30,27,16,0.124800,0.875200,0.207222,0.171745,0.205128,4,11,3,1,0.641026,3.541381
805,scene44_tx74_x39_y153_s100,scene44_tx74_x11_y126_s128,44,74,39,153,100,11,126,128,28,27,55,40,16,0.216700,0.783300,0.448611,0.323061,0.138902,4,16,4,3,0.401477,5.091989
806,scene452_tx35_x100_y139_s100,scene452_tx35_x100_y126_s128,452,35,100,139,100,100,126,128,0,13,48,50,16,0.157900,0.842100,0.198333,0.187327,0.314756,4,20,14,9,0.126029,5.202983
807,scene452_tx59_x68_y119_s100,scene452_tx59_x55_y96_s128,452,59,68,119,100,55,96,128,13,23,18,45,16,0.151200,0.848800,0.199722,0.169841,0.351190,4,17,13,7,0.131614,4.788579
808,scene453_tx66_x61_y75_s100,scene453_tx66_x42_y50_s128,453,66,61,75,100,42,50,128,19,25,83,53,16,0.120700,0.879300,0.173889,0.142832,0.316487,4,14,14,8,0.114333,4.525624
809,scene454_tx16_x91_y50_s100,scene454_tx16_x86_y50_s128,454,16,91,50,100,86,50,128,5,0,82,44,16,0.187000,0.813000,0.203889,0.208968,0.354545,4,14,5,3,0.335829,4.808126
810,scene454_tx61_x26_y131_s100,scene454_tx61_x2_y110_s128,454,61,26,131,100,2,110,128,24,21,73,66,16,0.156300,0.843700,0.113333,0.168456,0.377479,4,13,3,1,0.507997,2.936676
811,scene454_tx71_x76_y66_s100,scene454_tx71_x71_y44_s128,454,71,76,66,100,71,44,128,5,22,16,83,16,0.156700,0.843300,0.139722,0.165859,0.388641,3,13,4,1,0.427569,2.902226
812,scene455_tx40_x115_y43_s100,scene455_tx40_x97_y15_s128,455,40,115,43,100,97,15,128,18,28,82,83,16,0.188900,0.811100,0.208611,0.203255,0.378507,3,12,6,2,0.697724,3.739836
813,scene455_tx65_x46_y113_s100,scene455_tx65_x46_y112_s128,455,65,46,113,100,46,112,128,0,1,24,22,16,0.186900,0.813100,0.257500,0.231821,0.283574,4,14,6,3,0.397004,4.770408
814,scene455_tx73_x64_y62_s100,scene455_tx73_x36_y52_s128,455,73,64,62,100,36,52,128,28,10,74,83,16,0.228000,0.772000,0.220278,0.244633,0.380263,4,16,9,3,0.403947,4.624132
815,scene456_tx18_x92_y101_s100,scene456_tx18_x75_y81_s128,456,18,92,101,100,75,81,128,17,20,83,44,16,0.225700,0.774300,0.228889,0.250693,0.358440,4,17,5,1,0.492246,4.181516
816,scene457_tx15_x31_y138_s100,scene457_tx15_x31_y124_s128,457,15,31,138,100,31,124,128,0,14,22,51,16,0.195000,0.805000,0.277222,0.249654,0.260513,4,17,6,3,0.503077,4.902615
817,scene457_tx39_x52_y45_s100,scene457_tx39_x44_y45_s128,457,39,52,45,100,44,45,128,8,0,36,45,16,0.149400,0.850600,0.231944,0.202389,0.217537,4,12,4,3,0.524096,4.759210
818,scene457_tx44_x109_y39_s100,scene457_tx44_x84_y36_s128,457,44,109,39,100,84,36,128,25,3,26,43,16,0.147000,0.853000,0.195000,0.193040,0.241497,4,13,6,4,0.306122,4.904640
819,scene457_tx60_x34_y135_s100,scene457_tx60_x6_y122_s128,457,60,34,135,100,6,122,128,28,13,71,50,16,0.203400,0.796600,0.253056,0.257445,0.268928,4,18,6,3,0.505900,4.953976
820,scene457_tx67_x120_y99_s100,scene457_tx67_x120_y84_s128,457,67,120,99,100,120,84,128,0,15,20,46,16,0.127900,0.872100,0.138889,0.147853,0.332291,4,13,5,3,0.311962,4.127179
821,scene457_tx70_x52_y41_s100,scene457_tx70_x24_y28_s128,457,70,52,41,100,24,28,128,28,13,43,54,16,0.159400,0.840600,0.253611,0.220395,0.201380,4,13,4,3,0.553952,4.911787
822,scene457_tx7_x59_y83_s100,scene457_tx7_x36_y55_s128,457,7,59,83,100,36,55,128,23,28,46,65,16,0.142000,0.858000,0.160556,0.166205,0.323944,4,13,7,2,0.247183,4.300598
823,scene461_tx15_x91_y104_s100,scene461_tx15_x80_y76_s128,461,15,91,104,100,80,76,128,11,28,16,66,16,0.189800,0.810200,0.224167,0.242036,0.263435,4,17,6,4,0.258693,4.951054
824,scene461_tx26_x98_y57_s100,scene461_tx26_x83_y46_s128,461,26,98,57,100,83,46,128,15,11,52,16,16,0.215800,0.784200,0.190278,0.227666,0.390639,4,20,6,3,0.222428,4.874992
825,scene461_tx45_x88_y75_s100,scene461_tx45_x68_y70_s128,461,45,88,75,100,68,70,128,20,5,16,60,16,0.178500,0.821500,0.216389,0.246364,0.202801,4,18,6,3,0.275070,5.057076
826,scene461_tx57_x88_y135_s100,scene461_tx57_x64_y117_s128,461,57,88,135,100,64,117,128,24,18,50,44,16,0.205400,0.794600,0.223333,0.279259,0.214703,4,19,6,3,0.293574,5.330140
827,scene461_tx67_x119_y144_s100,scene461_tx67_x111_y124_s128,461,67,119,144,100,111,124,128,8,20,82,48,16,0.144400,0.855600,0.188056,0.162223,0.351108,4,12,8,3,0.289474,4.547386
828,scene461_tx79_x38_y85_s100,scene461_tx79_x10_y85_s128,461,79,38,85,100,10,85,128,28,0,54,32,16,0.151400,0.848600,0.214444,0.220222,0.159841,4,16,5,3,0.324306,5.240314
829,scene461_tx7_x37_y80_s100,scene461_tx7_x13_y70_s128,461,7,37,80,100,13,70,128,24,10,33,40,16,0.154100,0.845900,0.221944,0.231821,0.131084,4,15,5,3,0.318624,5.239938
830,scene463_tx9_x20_y150_s100,scene463_tx9_x12_y122_s128,463,9,20,150,100,12,122,128,8,28,50,36,16,0.175900,0.824100,0.202500,0.197022,0.353042,3,13,4,1,0.469016,3.923568
831,scene464_tx0_x109_y39_s100,scene464_tx0_x109_y11_s128,464,0,109,39,100,109,11,128,0,28,78,82,16,0.178400,0.821600,0.222778,0.193906,0.372197,4,16,6,2,0.317265,4.278827
832,scene464_tx38_x116_y31_s100,scene464_tx38_x93_y30_s128,464,38,116,31,100,93,30,128,23,1,83,52,16,0.133500,0.866500,0.205556,0.151662,0.343820,4,12,5,2,0.397004,4.210693
833,scene465_tx64_x126_y104_s100,scene465_tx64_x126_y76_s128,465,64,126,104,100,126,76,128,0,28,46,66,16,0.151000,0.849000,0.275000,0.228186,0.127152,4,13,5,3,0.594702,5.052185
834,scene465_tx8_x113_y103_s100,scene465_tx8_x110_y103_s128,465,8,113,103,100,110,103,128,3,0,16,70,16,0.131600,0.868400,0.203333,0.188193,0.174012,4,9,3,2,0.667173,3.673567
835,scene466_tx63_x115_y105_s100,scene466_tx63_x91_y105_s128,466,63,115,105,100,91,105,128,24,0,53,66,16,0.122600,0.877400,0.150556,0.131060,0.382545,4,11,5,2,0.305873,3.840753
836,scene467_tx71_x47_y82_s100,scene467_tx71_x47_y73_s128,467,71,47,82,100,47,73,128,0,9,16,44,16,0.165000,0.835000,0.230000,0.223857,0.216364,4,16,4,1,0.513939,4.164485
837,scene468_tx24_x82_y83_s100,scene468_tx24_x78_y83_s128,468,24,82,83,100,78,83,128,4,0,44,19,16,0.231300,0.768700,0.283889,0.270602,0.324254,4,15,4,1,0.428880,4.135569
838,scene468_tx35_x119_y64_s100,scene468_tx35_x119_y64_s128,468,35,119,64,100,119,64,128,0,0,32,19,16,0.232400,0.767600,0.274167,0.248615,0.382100,4,16,7,3,0.262478,4.813250
839,scene469_tx45_x119_y53_s100,scene469_tx45_x114_y53_s128,469,45,119,53,100,114,53,128,5,0,39,32,16,0.175900,0.824100,0.184722,0.184037,0.395679,4,13,4,1,0.345651,3.885661
840,scene469_tx71_x86_y53_s100,scene469_tx71_x58_y53_s128,469,71,86,53,100,58,53,128,28,0,82,47,16,0.167600,0.832400,0.298333,0.225069,0.224344,4,14,3,2,0.362768,4.437629
841,scene469_tx72_x93_y54_s100,scene469_tx72_x73_y45_s128,469,72,93,54,100,73,45,128,20,9,51,77,16,0.173600,0.826400,0.260000,0.219529,0.269585,4,14,4,2,0.334101,4.622571
842,scene470_tx1_x32_y22_s100,scene470_tx1_x32_y5_s128,470,1,32,22,100,32,5,128,0,17,56,47,16,0.204700,0.795300,0.325000,0.273546,0.228139,4,16,5,1,0.530044,4.543861
843,scene470_tx34_x127_y110_s100,scene470_tx34_x99_y100_s128,470,34,127,110,100,99,100,128,28,10,67,60,16,0.159300,0.840700,0.246111,0.205506,0.254865,4,13,4,1,0.490270,4.164525
844,scene470_tx59_x128_y105_s100,scene470_tx59_x104_y105_s128,470,59,128,105,100,104,105,128,24,0,48,46,16,0.159800,0.840200,0.229167,0.208968,0.244681,4,13,4,1,0.497497,4.357129
845,scene470_tx65_x115_y9_s100,scene470_tx65_x96_y8_s128,470,65,115,9,100,96,8,128,19,1,50,50,16,0.215600,0.784400,0.390556,0.317348,0.149814,4,18,4,1,0.548237,4.533476
846,scene472_tx27_x81_y19_s100,scene472_tx27_x67_y18_s128,472,27,81,19,100,67,18,128,14,1,49,56,16,0.209200,0.790800,0.296111,0.269044,0.257170,4,18,4,1,0.498566,4.393353
847,scene472_tx2_x34_y93_s100,scene472_tx2_x6_y82_s128,472,2,34,93,100,6,82,128,28,11,30,43,16,0.201900,0.798100,0.236667,0.220914,0.368004,3,17,6,2,0.451213,4.369636
848,scene472_tx39_x59_y63_s100,scene472_tx39_x52_y41_s128,472,39,59,63,100,52,41,128,7,22,16,69,16,0.195100,0.804900,0.215000,0.203774,0.396720,4,17,7,2,0.286520,4.386898
849,scene472_tx46_x46_y125_s100,scene472_tx46_x27_y108_s128,472,46,46,125,100,27,108,128,19,17,49,50,16,0.210700,0.789300,0.297500,0.284453,0.220218,4,13,5,2,0.441860,4.963397
850,scene473_tx26_x46_y12_s100,scene473_tx26_x23_y11_s128,473,26,46,12,100,23,11,128,23,1,17,65,16,0.120500,0.879500,0.135833,0.138158,0.337759,3,12,9,5,0.204149,3.831376
851,scene473_tx31_x100_y51_s100,scene473_tx31_x100_y34_s128,473,31,100,51,100,100,34,128,0,17,47,21,16,0.231300,0.768700,0.199444,0.242555,0.394293,4,15,5,2,0.421963,4.520526
852,scene473_tx60_x118_y47_s100,scene473_tx60_x105_y19_s128,473,60,118,47,100,105,19,128,13,28,16,27,16,0.137100,0.862900,0.154722,0.143179,0.396791,4,12,4,1,0.650620,2.952990
853,scene476_tx74_x42_y26_s100,scene476_tx74_x33_y26_s128,476,74,42,26,100,33,26,128,9,0,52,30,16,0.122200,0.877800,0.130556,0.134176,0.365794,4,11,3,1,0.452537,2.995188
854,scene478_tx47_x80_y83_s100,scene478_tx47_x78_y77_s128,478,47,80,83,100,78,77,128,2,6,27,51,16,0.185700,0.814300,0.245000,0.260215,0.190630,4,14,6,3,0.359720,5.155496
855,scene478_tx50_x97_y44_s100,scene478_tx50_x69_y32_s128,478,50,97,44,100,69,32,128,28,12,64,38,16,0.154000,0.846000,0.263056,0.206544,0.225325,4,14,6,4,0.433766,4.957826
856,scene478_tx56_x90_y60_s100,scene478_tx56_x63_y50_s128,478,56,90,60,100,63,50,128,27,10,83,48,16,0.196500,0.803500,0.287778,0.234765,0.309924,4,14,9,4,0.339949,4.942137
857,scene478_tx59_x124_y110_s100,scene478_tx59_x123_y82_s128,478,59,124,110,100,123,82,128,1,28,69,83,16,0.138200,0.861800,0.192778,0.146122,0.389291,4,15,9,4,0.232996,4.353628
858,scene479_tx37_x69_y73_s100,scene479_tx37_x54_y70_s128,479,37,69,73,100,54,70,128,15,3,83,21,16,0.121800,0.878200,0.162500,0.129501,0.385878,4,10,5,1,0.473727,3.075129
859,scene479_tx39_x41_y44_s100,scene479_tx39_x29_y23_s128,479,39,41,44,100,29,23,128,12,21,76,57,16,0.164500,0.835500,0.200833,0.226454,0.204863,4,14,5,3,0.432219,5.001167
860,scene479_tx77_x19_y1_s100,scene479_tx77_x18_y1_s128,479,77,19,1,100,18,1,128,1,0,50,52,16,0.188400,0.811600,0.218333,0.215028,0.340764,4,12,5,1,0.563163,4.407781
861,scene479_tx8_x51_y126_s100,scene479_tx8_x27_y119_s128,479,8,51,126,100,27,119,128,24,7,50,37,16,0.133600,0.866400,0.248056,0.198407,0.142216,4,14,5,3,0.470808,5.083835
862,scene481_tx0_x44_y108_s100,scene481_tx0_x39_y108_s128,481,0,44,108,100,39,108,128,5,0,81,39,16,0.257500,0.742500,0.314167,0.335873,0.246602,4,19,5,2,0.483883,4.565916
863,scene481_tx10_x87_y25_s100,scene481_tx10_x60_y11_s128,481,10,87,25,100,60,11,128,27,14,67,80,16,0.143100,0.856900,0.217222,0.159453,0.356394,4,11,4,1,0.637317,3.424152
864,scene481_tx79_x46_y105_s100,scene481_tx79_x45_y90_s128,481,79,46,105,100,45,90,128,1,15,61,80,16,0.258500,0.741500,0.312222,0.349030,0.220116,4,19,5,1,0.482012,4.340717
865,scene483_tx59_x146_y53_s100,scene483_tx59_x121_y53_s128,483,59,146,53,100,121,53,128,25,0,44,82,16,0.144800,0.855200,0.185833,0.160145,0.361188,4,11,3,1,0.620166,3.250446
866,scene484_tx77_x125_y77_s100,scene484_tx77_x97_y72_s128,484,77,125,77,100,97,72,128,28,5,50,83,16,0.194100,0.805900,0.211944,0.239439,0.287481,4,14,3,1,0.470376,4.014351
867,scene491_tx28_x75_y118_s100,scene491_tx28_x75_y104_s128,491,28,75,118,100,75,104,128,0,14,41,76,16,0.249900,0.750100,0.286667,0.272334,0.370548,4,16,4,1,0.448579,4.078287
868,scene491_tx78_x94_y79_s100,scene491_tx78_x94_y58_s128,491,78,94,79,100,94,58,128,0,21,80,19,16,0.170100,0.829900,0.244167,0.190789,0.352146,3,12,4,1,0.659024,3.343640
869,scene494_tx49_x113_y35_s100,scene494_tx49_x111_y29_s128,494,49,113,35,100,111,29,128,2,6,28,25,16,0.215400,0.784600,0.342778,0.320810,0.139740,4,21,5,3,0.655060,4.766758
870,scene495_tx0_x44_y120_s100,scene495_tx0_x29_y120_s128,495,0,44,120,100,29,120,128,15,0,29,26,16,0.243400,0.756600,0.250278,0.253982,0.397288,4,19,14,6,0.129417,4.946779
871,scene495_tx17_x29_y98_s100,scene495_tx17_x29_y98_s128,495,17,29,98,100,29,98,128,0,0,41,16,16,0.220200,0.779800,0.232222,0.251039,0.341508,4,17,10,6,0.143052,5.017444
872,scene495_tx31_x40_y103_s100,scene495_tx31_x40_y85_s128,495,31,40,103,100,40,85,128,0,18,21,79,16,0.240000,0.760000,0.316667,0.313539,0.245417,4,19,12,7,0.133333,5.021500
873,scene495_tx38_x36_y100_s100,scene495_tx38_x8_y99_s128,495,38,36,100,100,8,99,128,28,1,62,33,16,0.233800,0.766200,0.288611,0.290686,0.281865,4,19,10,7,0.136869,5.206580
874,scene497_tx12_x51_y128_s100,scene497_tx12_x51_y100_s128,497,12,51,128,100,51,100,128,0,28,22,55,16,0.244700,0.755300,0.434167,0.342278,0.192072,4,21,7,3,0.664896,4.807107
875,scene499_tx10_x28_y132_s100,scene499_tx10_x25_y106_s128,499,10,28,132,100,25,106,128,3,26,25,59,16,0.213800,0.786200,0.200000,0.230090,0.378391,4,13,12,5,0.192236,5.000919
876,scene499_tx15_x139_y125_s100,scene499_tx15_x126_y103_s128,499,15,139,125,100,126,103,128,13,22,58,47,16,0.255300,0.744700,0.276667,0.330852,0.251469,4,24,15,9,0.197807,5.332212
877,scene4_tx20_x113_y124_s100,scene4_tx20_x101_y107_s128,4,20,113,124,100,101,107,128,12,17,69,53,16,0.199300,0.800700,0.270556,0.305575,0.114400,4,19,8,7,0.162569,5.440407
878,scene500_tx71_x29_y19_s100,scene500_tx71_x28_y12_s128,500,71,29,19,100,28,12,128,1,7,32,60,16,0.234100,0.765900,0.200000,0.243767,0.398548,4,22,14,6,0.122170,5.087790
879,scene502_tx37_x42_y137_s100,scene502_tx37_x17_y124_s128,502,37,42,137,100,17,124,128,25,13,23,46,16,0.258000,0.742000,0.285278,0.269564,0.396512,4,20,13,5,0.137984,5.052000
880,scene502_tx63_x42_y140_s100,scene502_tx63_x31_y127_s128,502,63,42,140,100,31,127,128,11,13,50,61,16,0.241200,0.758800,0.261944,0.257964,0.382255,4,20,12,5,0.147595,5.220458
881,scene504_tx15_x33_y127_s100,scene504_tx15_x5_y107_s128,504,15,33,127,100,5,107,128,28,20,81,59,16,0.259000,0.741000,0.383889,0.360976,0.194981,4,20,11,9,0.190347,5.174710
882,scene505_tx10_x57_y37_s100,scene505_tx10_x57_y10_s128,505,10,57,37,100,57,10,128,0,27,30,21,16,0.203600,0.796400,0.236389,0.224204,0.363949,4,15,12,6,0.205305,4.886487
883,scene505_tx20_x40_y34_s100,scene505_tx20_x40_y6_s128,505,20,40,34,100,40,6,128,0,28,17,29,16,0.245900,0.754100,0.306944,0.315616,0.258642,4,17,10,7,0.169988,5.004641
884,scene505_tx5_x112_y128_s100,scene505_tx5_x112_y100_s128,505,5,112,128,100,112,100,128,0,28,26,17,16,0.227100,0.772900,0.377778,0.319425,0.187583,4,18,7,4,0.289740,4.958135
885,scene505_tx79_x126_y123_s100,scene505_tx79_x116_y117_s128,505,79,126,123,100,116,117,128,10,6,70,16,16,0.244800,0.755200,0.313889,0.317867,0.250000,4,17,7,3,0.268791,4.926088
886,scene506_tx0_x16_y20_s100,scene506_tx0_x0_y2_s128,506,0,16,20,100,0,2,128,16,18,72,80,16,0.215500,0.784500,0.358333,0.316828,0.150812,4,19,9,6,0.232483,5.093791
887,scene506_tx20_x98_y136_s100,scene506_tx20_x98_y108_s128,506,20,98,136,100,98,108,128,0,28,44,65,16,0.232100,0.767900,0.367222,0.297438,0.259802,4,17,9,5,0.665231,4.821530
888,scene506_tx29_x56_y108_s100,scene506_tx29_x48_y83_s128,506,29,56,108,100,48,83,128,8,25,51,82,16,0.201900,0.798100,0.237222,0.219183,0.372957,4,13,5,1,0.609708,4.101924
889,scene506_tx2_x92_y43_s100,scene506_tx2_x70_y43_s128,506,2,92,43,100,70,43,128,22,0,66,35,16,0.258400,0.741600,0.323056,0.350069,0.217492,4,21,6,3,0.249613,5.166358
890,scene506_tx40_x126_y22_s100,scene506_tx40_x108_y20_s128,506,40,126,22,100,108,20,128,18,2,67,47,16,0.222600,0.777400,0.372500,0.302978,0.213836,4,20,7,3,0.265948,5.244043
891,scene506_tx4_x126_y22_s100,scene506_tx4_x108_y5_s128,506,4,126,22,100,108,5,128,18,17,62,32,16,0.222600,0.777400,0.372500,0.302978,0.213836,4,20,7,3,0.265948,5.164043
892,scene507_tx4_x146_y58_s100,scene507_tx4_x120_y39_s128,507,4,146,58,100,120,39,128,26,19,24,72,16,0.259800,0.740200,0.253889,0.271468,0.396459,3,17,13,4,0.240185,4.624083
893,scene507_tx73_x126_y107_s100,scene507_tx73_x111_y107_s128,507,73,126,107,100,111,107,128,15,0,67,26,16,0.245700,0.754300,0.246667,0.257098,0.395604,4,14,11,5,0.170126,4.944161
894,scene509_tx11_x48_y119_s100,scene509_tx11_x32_y99_s128,509,11,48,119,100,32,99,128,16,20,16,83,16,0.260000,0.740000,0.327222,0.299342,0.335000,4,20,14,6,0.190769,4.790308
895,scene509_tx39_x66_y86_s100,scene509_tx39_x38_y58_s128,509,39,66,86,100,38,58,128,28,28,83,29,16,0.207600,0.792400,0.178056,0.215893,0.399326,4,15,9,3,0.238921,4.597769
896,scene509_tx79_x93_y87_s100,scene509_tx79_x93_y61_s128,509,79,93,87,100,93,61,128,0,26,16,46,16,0.168800,0.831200,0.182222,0.192521,0.341232,4,13,6,3,0.267180,4.671728
897,scene510_tx4_x43_y34_s100,scene510_tx4_x35_y21_s128,510,4,43,34,100,35,21,128,8,13,18,20,16,0.259800,0.740200,0.338611,0.309903,0.311008,4,15,10,4,0.329099,4.734600
898,scene510_tx70_x143_y33_s100,scene510_tx70_x124_y13_s128,510,70,143,33,100,124,13,128,19,20,56,31,16,0.258600,0.741400,0.333611,0.332064,0.258314,4,22,10,7,0.175174,5.232367
899,scene512_tx46_x108_y118_s100,scene512_tx46_x88_y90_s128,512,46,108,118,100,88,90,128,20,28,83,65,16,0.257200,0.742800,0.290278,0.278740,0.374028,4,18,8,3,0.345645,4.756086
900,scene512_tx8_x92_y47_s100,scene512_tx8_x90_y24_s128,512,8,92,47,100,90,24,128,2,23,38,50,16,0.248600,0.751400,0.445833,0.356475,0.171762,4,16,3,1,0.642397,4.166395
901,scene513_tx22_x121_y105_s100,scene513_tx22_x108_y101_s128,513,22,121,105,100,108,101,128,13,4,50,18,16,0.238000,0.762000,0.360556,0.310076,0.247479,4,19,13,8,0.114286,5.244168
902,scene513_tx60_x41_y44_s100,scene513_tx60_x35_y26_s128,513,60,41,44,100,35,26,128,6,18,51,54,16,0.258000,0.742000,0.224722,0.268698,0.398450,4,18,12,4,0.216279,5.187209
903,scene513_tx73_x42_y65_s100,scene513_tx73_x33_y64_s128,513,73,42,65,100,33,64,128,9,1,23,45,16,0.259800,0.740200,0.280833,0.284626,0.367206,3,17,14,7,0.098152,4.915016
904,scene516_tx23_x89_y135_s100,scene516_tx23_x78_y124_s128,516,23,89,135,100,78,124,128,11,11,41,58,16,0.257800,0.742200,0.273611,0.318040,0.287432,4,21,8,2,0.322731,4.861957
905,scene518_tx60_x133_y143_s100,scene518_tx60_x126_y116_s128,518,60,133,143,100,126,116,128,7,27,39,59,16,0.215200,0.784800,0.293056,0.251904,0.323885,3,15,6,1,0.369888,4.285105
906,scene519_tx28_x14_y85_s100,scene519_tx28_x9_y57_s128,519,28,14,85,100,9,57,128,5,28,83,39,16,0.166600,0.833400,0.293889,0.235803,0.182473,4,14,9,7,0.246699,5.107004
907,scene519_tx56_x140_y107_s100,scene519_tx56_x116_y88_s128,519,56,140,107,100,116,88,128,24,19,33,67,16,0.251900,0.748100,0.309167,0.334488,0.233029,4,20,7,5,0.253275,5.120418
908,scene519_tx70_x11_y128_s100,scene519_tx70_x11_y128_s128,519,70,11,128,100,11,128,128,0,0,47,30,16,0.177000,0.823000,0.197222,0.217278,0.290960,4,17,10,5,0.232203,5.123575
909,scene520_tx44_x35_y82_s100,scene520_tx44_x34_y70_s128,520,44,35,82,100,34,70,128,1,12,80,48,16,0.259300,0.740700,0.309444,0.279952,0.376398,4,21,12,5,0.136907,5.069106
910,scene521_tx34_x104_y125_s100,scene521_tx34_x76_y106_s128,521,34,104,125,100,76,106,128,28,19,29,64,16,0.256300,0.743700,0.316667,0.289301,0.348030,4,19,10,5,0.279750,4.950589
911,scene521_tx6_x141_y113_s100,scene521_tx6_x126_y111_s128,521,6,141,113,100,126,111,128,15,2,16,55,16,0.239100,0.760900,0.390833,0.319079,0.229193,4,19,8,4,0.299875,5.043082
912,scene523_tx27_x111_y66_s100,scene523_tx27_x110_y38_s128,523,27,111,66,100,110,38,128,1,28,83,52,16,0.257900,0.742100,0.300556,0.283241,0.365646,4,25,13,9,0.106243,5.085607
913,scene523_tx31_x59_y71_s100,scene523_tx31_x31_y55_s128,523,31,59,71,100,31,55,128,28,16,57,34,16,0.191800,0.808200,0.192500,0.243767,0.265902,4,20,12,9,0.122002,5.234616
914,scene523_tx39_x14_y117_s100,scene523_tx39_x9_y116_s128,523,39,14,117,100,9,116,128,5,1,58,82,16,0.190800,0.809200,0.397500,0.320464,0.029874,4,17,9,8,0.189727,5.373396
915,scene523_tx42_x19_y87_s100,scene523_tx42_x19_y87_s128,523,42,19,87,100,19,87,128,0,0,47,49,16,0.218200,0.781800,0.225556,0.248961,0.340972,4,18,11,7,0.138405,5.334269
916,scene523_tx5_x34_y36_s100,scene523_tx5_x9_y36_s128,523,5,34,36,100,9,36,128,25,0,83,35,16,0.166700,0.833300,0.226667,0.197715,0.314937,4,23,15,7,0.125975,4.903142
917,scene524_tx47_x45_y40_s100,scene524_tx47_x32_y34_s128,524,47,45,40,100,32,34,128,13,6,76,21,16,0.259800,0.740200,0.330000,0.311807,0.306774,4,22,12,7,0.133949,4.971316
918,scene531_tx13_x73_y31_s100,scene531_tx13_x49_y24_s128,531,13,73,31,100,49,24,128,24,7,70,45,16,0.220000,0.780000,0.197778,0.229224,0.398182,4,19,8,2,0.220455,4.741551
919,scene531_tx14_x134_y125_s100,scene531_tx14_x121_y109_s128,531,14,134,125,100,121,109,128,13,16,32,50,16,0.223500,0.776500,0.221111,0.239093,0.382103,4,19,7,3,0.257718,5.065530
920,scene531_tx16_x122_y103_s100,scene531_tx16_x94_y84_s128,531,16,122,103,100,94,84,128,28,19,73,72,16,0.219600,0.780400,0.242500,0.228532,0.398907,4,19,6,2,0.245446,4.573743
921,scene531_tx45_x43_y49_s100,scene531_tx45_x40_y49_s128,531,45,43,49,100,40,49,128,3,0,83,59,16,0.224400,0.775600,0.271667,0.238573,0.385918,4,15,9,3,0.149287,4.966540
922,scene531_tx57_x92_y99_s100,scene531_tx57_x88_y99_s128,531,57,92,99,100,88,99,128,4,0,69,19,16,0.236900,0.763100,0.270278,0.248269,0.394681,4,17,8,2,0.207260,4.573181
923,scene531_tx69_x86_y122_s100,scene531_tx69_x77_y115_s128,531,69,86,122,100,77,115,128,9,7,53,64,16,0.259800,0.740200,0.281667,0.270256,0.399153,4,22,13,4,0.188992,5.114924
924,scene531_tx6_x31_y36_s100,scene531_tx6_x3_y8_s128,531,6,31,36,100,3,8,128,28,28,53,32,16,0.227700,0.772300,0.305278,0.247922,0.371102,4,20,11,4,0.146245,5.155057
925,scene531_tx72_x79_y114_s100,scene531_tx72_x61_y94_s128,531,72,79,114,100,61,94,128,18,20,83,50,16,0.244800,0.755200,0.325000,0.261427,0.383170,4,19,10,4,0.200572,4.995681
926,scene532_tx22_x67_y36_s100,scene532_tx22_x61_y26_s128,532,22,67,36,100,61,26,128,6,10,25,50,16,0.238600,0.761400,0.273889,0.263504,0.362112,4,16,8,3,0.200754,5.084786
927,scene534_tx0_x88_y90_s100,scene534_tx0_x68_y88_s128,534,0,88,90,100,68,88,128,20,2,51,50,16,0.218300,0.781700,0.241944,0.237361,0.371965,4,18,7,3,0.212552,5.254345
928,scene534_tx22_x68_y56_s100,scene534_tx22_x46_y47_s128,534,22,68,56,100,46,47,128,22,9,53,16,16,0.121800,0.878200,0.179444,0.135734,0.356322,3,11,5,2,0.380952,3.688369
929,scene534_tx49_x63_y79_s100,scene534_tx49_x59_y78_s128,534,49,63,79,100,59,78,128,4,1,16,32,16,0.134600,0.865400,0.214167,0.144737,0.378900,4,13,5,2,0.344725,4.041874
930,scene534_tx4_x76_y116_s100,scene534_tx4_x48_y107_s128,534,4,76,116,100,48,107,128,28,9,51,34,16,0.216900,0.783100,0.229722,0.243421,0.351775,4,18,6,2,0.245274,4.854456
931,scene534_tx54_x73_y118_s100,scene534_tx54_x54_y92_s128,534,54,73,118,100,54,92,128,19,26,16,69,16,0.204500,0.795500,0.197500,0.221087,0.375550,4,16,7,1,0.260147,4.240374
932,scene534_tx56_x114_y75_s100,scene534_tx56_x99_y61_s128,534,56,114,75,100,99,61,128,15,14,71,23,16,0.240400,0.759600,0.205556,0.252597,0.393095,4,19,10,2,0.193012,4.603909
933,scene534_tx72_x94_y91_s100,scene534_tx72_x94_y69_s128,534,72,94,91,100,94,69,128,0,22,23,75,16,0.243000,0.757000,0.248333,0.254501,0.395062,4,18,9,2,0.190947,4.571407
934,scene534_tx78_x26_y69_s100,scene534_tx78_x7_y41_s128,534,78,26,69,100,7,41,128,19,28,28,44,16,0.125500,0.874500,0.105278,0.131233,0.396016,4,12,4,1,0.450199,2.955027
935,scene535_tx8_x61_y50_s100,scene535_tx8_x53_y31_s128,535,8,61,50,100,53,31,128,8,19,50,28,16,0.259800,0.740200,0.339722,0.274584,0.389530,4,18,9,3,0.203233,5.073654
936,scene536_tx66_x92_y45_s100,scene536_tx66_x78_y33_s128,536,66,92,45,100,78,33,128,14,12,52,50,16,0.260000,0.740000,0.368333,0.312327,0.306154,4,15,8,3,0.183846,5.351154
937,scene537_tx28_x46_y70_s100,scene537_tx28_x18_y70_s128,537,28,46,70,100,18,70,128,28,0,57,30,16,0.220800,0.779200,0.248889,0.243594,0.362772,4,18,9,3,0.182065,5.084815
938,scene537_tx31_x111_y34_s100,scene537_tx31_x83_y6_s128,537,31,111,34,100,83,6,128,28,28,52,56,16,0.239700,0.760300,0.326111,0.303151,0.269504,4,17,8,3,0.224030,5.310969
939,scene537_tx37_x58_y61_s100,scene537_tx37_x30_y48_s128,537,37,58,61,100,30,48,128,28,13,63,16,16,0.237300,0.762700,0.248333,0.257445,0.373367,4,18,9,2,0.160978,4.664413
940,scene537_tx9_x15_y36_s100,scene537_tx9_x15_y32_s128,537,9,15,36,100,15,32,128,0,4,50,45,16,0.195600,0.804400,0.201111,0.207583,0.387014,4,15,5,1,0.388037,4.445288
941,scene538_tx19_x123_y34_s100,scene538_tx19_x110_y12_s128,538,19,123,34,100,110,12,128,13,22,24,23,16,0.257200,0.742800,0.295000,0.278220,0.375194,4,18,11,3,0.155132,4.886148
942,scene539_tx0_x52_y57_s100,scene539_tx0_x44_y31_s128,539,0,52,57,100,44,31,128,8,26,81,56,16,0.206900,0.793100,0.308056,0.251385,0.298212,4,14,9,4,0.199130,5.066929
943,scene539_tx51_x56_y76_s100,scene539_tx51_x54_y48_s128,539,51,56,76,100,54,48,128,2,28,42,70,16,0.202000,0.798000,0.296944,0.248615,0.289109,4,13,7,4,0.203960,5.145505
944,scene539_tx62_x45_y38_s100,scene539_tx62_x34_y21_s128,539,62,45,38,100,34,21,128,11,17,50,50,16,0.243500,0.756500,0.334167,0.268871,0.362218,4,17,8,4,0.169199,5.313060
945,scene541_tx64_x8_y18_s100,scene541_tx64_x8_y3_s128,541,64,8,18,100,8,3,128,0,15,45,50,16,0.230600,0.769400,0.333889,0.302285,0.242845,4,15,5,3,0.280139,5.316461
946,scene543_tx21_x32_y126_s100,scene543_tx21_x30_y126_s128,543,21,32,126,100,30,126,128,2,0,28,62,16,0.237400,0.762600,0.413056,0.342452,0.166807,4,16,6,4,0.313816,5.145397
947,scene543_tx35_x132_y34_s100,scene543_tx35_x125_y33_s128,543,35,132,34,100,125,33,128,7,1,68,65,16,0.181100,0.818900,0.327222,0.261080,0.167311,4,12,7,3,0.316400,5.150467
948,scene543_tx72_x126_y85_s100,scene543_tx72_x126_y83_s128,543,72,126,85,100,126,83,128,0,2,30,31,16,0.258200,0.741800,0.298611,0.298823,0.331526,4,19,9,3,0.207591,5.003337
949,scene543_tx9_x129_y34_s100,scene543_tx9_x117_y24_s128,543,9,129,34,100,117,24,128,12,10,46,19,16,0.191400,0.808600,0.361944,0.276662,0.165099,4,12,7,3,0.299373,5.152445
950,scene545_tx32_x121_y23_s100,scene545_tx32_x104_y7_s128,545,32,121,23,100,104,7,128,17,16,68,50,16,0.259800,0.740200,0.356667,0.295014,0.344111,4,19,8,4,0.204773,5.158771
951,scene547_tx16_x115_y136_s100,scene547_tx16_x88_y108_s128,547,16,115,136,100,88,108,128,27,28,74,60,16,0.255600,0.744400,0.320833,0.267140,0.396322,4,20,10,4,0.278951,4.901357
952,scene547_tx31_x140_y53_s100,scene547_tx31_x112_y25_s128,547,31,140,53,100,112,25,128,28,28,59,68,16,0.232100,0.767900,0.254167,0.260561,0.351573,4,18,10,3,0.205084,5.077537
953,scene547_tx35_x98_y127_s100,scene547_tx35_x85_y106_s128,547,35,98,127,100,85,106,128,13,21,35,72,16,0.259500,0.740500,0.377500,0.347992,0.225434,4,19,7,3,0.336416,5.030705
954,scene547_tx46_x139_y51_s100,scene547_tx46_x111_y32_s128,547,46,139,51,100,111,32,128,28,19,40,50,16,0.234900,0.765100,0.256111,0.258483,0.364410,4,18,12,3,0.202639,5.200332
955,scene547_tx53_x96_y47_s100,scene547_tx53_x96_y34_s128,547,53,96,47,100,96,34,128,0,13,19,30,16,0.258800,0.741200,0.348056,0.323580,0.277821,4,19,10,4,0.162674,5.012209
956,scene550_tx78_x56_y32_s100,scene550_tx78_x28_y4_s128,550,78,56,32,100,28,4,128,28,28,16,48,16,0.225600,0.774400,0.338611,0.244460,0.374113,4,18,11,4,0.222074,4.963197
957,scene552_tx14_x26_y56_s100,scene552_tx14_x5_y56_s128,552,14,26,56,100,5,56,128,21,0,50,28,16,0.259700,0.740300,0.286389,0.286877,0.361956,4,21,10,3,0.184059,5.124000
958,scene553_tx17_x73_y123_s100,scene553_tx17_x45_y101_s128,553,17,73,123,100,45,101,128,28,22,24,45,16,0.259900,0.740100,0.333611,0.272334,0.394767,4,17,8,3,0.180839,5.015524
959,scene555_tx2_x65_y118_s100,scene555_tx2_x59_y90_s128,555,2,65,118,100,59,90,128,6,28,45,52,16,0.258000,0.742000,0.341944,0.312846,0.299612,4,18,9,3,0.220155,5.286326
960,scene555_tx34_x68_y62_s100,scene555_tx34_x48_y55_s128,555,34,68,62,100,48,55,128,20,7,56,46,16,0.259900,0.740100,0.339444,0.309903,0.311274,4,19,10,4,0.153521,5.308303
961,scene555_tx59_x45_y109_s100,scene555_tx59_x35_y104_s128,555,59,45,109,100,35,104,128,10,5,83,16,16,0.246600,0.753400,0.301667,0.256752,0.398621,3,16,9,4,0.161800,4.540034
962,scene555_tx79_x30_y27_s100,scene555_tx79_x2_y9_s128,555,79,30,27,100,2,9,128,28,18,71,35,16,0.218500,0.781500,0.298889,0.284107,0.248970,4,17,7,3,0.220595,5.114700
963,scene558_tx37_x59_y78_s100,scene558_tx37_x31_y65_s128,558,37,59,78,100,31,65,128,28,13,80,76,16,0.246800,0.753200,0.377778,0.287223,0.327796,4,19,8,3,0.221637,4.859172
964,scene560_tx67_x100_y57_s100,scene560_tx67_x72_y29_s128,560,67,100,57,100,72,29,128,28,28,83,69,16,0.177900,0.822100,0.303333,0.253636,0.176504,4,12,4,2,0.410343,4.476220
965,scene562_tx14_x82_y125_s100,scene562_tx14_x82_y106_s128,562,14,82,125,100,82,106,128,0,19,73,57,16,0.152800,0.847200,0.234167,0.195291,0.261780,4,12,5,3,0.287304,4.952513
966,scene562_tx1_x34_y42_s100,scene562_tx1_x34_y23_s128,562,1,34,42,100,34,23,128,0,19,50,40,16,0.256300,0.743700,0.307500,0.297611,0.329302,4,20,10,4,0.215763,5.230652
967,scene562_tx22_x85_y98_s100,scene562_tx22_x85_y98_s128,562,22,85,98,100,85,98,128,0,0,82,43,16,0.187800,0.812200,0.264167,0.210180,0.353568,4,14,6,2,0.294462,4.578473
968,scene562_tx29_x50_y91_s100,scene562_tx29_x50_y63_s128,562,29,50,91,100,50,63,128,0,28,27,51,16,0.236200,0.763800,0.333056,0.297438,0.272650,4,19,8,3,0.234124,5.170108
969,scene562_tx43_x81_y95_s100,scene562_tx43_x58_y85_s128,562,43,81,95,100,58,85,128,23,10,83,32,16,0.190000,0.810000,0.264444,0.224723,0.316842,4,15,6,2,0.291053,4.583175
970,scene562_tx61_x113_y47_s100,scene562_tx61_x108_y47_s128,562,61,113,47,100,108,47,128,5,0,67,17,16,0.246000,0.754000,0.268333,0.255713,0.399593,4,19,11,3,0.279675,4.768780
971,scene564_tx78_x50_y29_s100,scene564_tx78_x36_y27_s128,564,78,50,29,100,36,27,128,14,2,83,56,16,0.234700,0.765300,0.252222,0.255021,0.372390,3,16,9,3,0.230933,4.733292
972,scene567_tx44_x118_y29_s100,scene567_tx44_x101_y1_s128,567,44,118,29,100,101,1,128,17,28,25,80,16,0.258300,0.741700,0.426944,0.341586,0.236160,4,17,7,4,0.236934,4.963368
973,scene567_tx68_x75_y132_s100,scene567_tx68_x60_y104_s128,567,68,75,132,100,60,104,128,15,28,29,51,16,0.258800,0.741200,0.416944,0.317521,0.291345,4,18,9,3,0.212519,5.183119
974,scene567_tx73_x76_y134_s100,scene567_tx73_x50_y123_s128,567,73,76,134,100,50,123,128,26,11,16,61,16,0.259200,0.740800,0.423333,0.324446,0.277006,4,18,9,3,0.212191,5.016620
975,scene568_tx11_x139_y27_s100,scene568_tx11_x119_y24_s128,568,11,139,27,100,119,24,128,20,3,19,44,16,0.183300,0.816700,0.255556,0.243421,0.232951,4,17,7,4,0.268958,5.082396
976,scene568_tx29_x37_y95_s100,scene568_tx29_x30_y67_s128,568,29,37,95,100,30,67,128,7,28,26,66,16,0.257300,0.742700,0.275278,0.296226,0.335017,4,20,12,5,0.158570,5.035266
977,scene568_tx9_x140_y79_s100,scene568_tx9_x128_y53_s128,568,9,140,79,100,128,53,128,12,26,61,57,16,0.250800,0.749200,0.249444,0.306787,0.293461,4,18,8,4,0.196571,5.226933
978,scene572_tx0_x60_y89_s100,scene572_tx0_x60_y71_s128,572,0,60,89,100,60,71,128,0,18,21,20,16,0.259200,0.740800,0.413333,0.332929,0.258102,4,16,4,1,0.436728,4.031889
979,scene572_tx21_x51_y71_s100,scene572_tx21_x25_y48_s128,572,21,51,71,100,25,48,128,26,23,66,16,16,0.258200,0.741800,0.356944,0.311288,0.303641,4,15,5,1,0.438420,4.207720
980,scene572_tx69_x111_y35_s100,scene572_tx69_x106_y35_s128,572,69,111,35,100,106,35,128,5,0,50,20,16,0.259800,0.740200,0.445556,0.324965,0.277521,4,14,5,2,0.556197,4.559731
981,scene573_tx2_x98_y61_s100,scene573_tx2_x88_y33_s128,573,2,98,61,100,88,33,128,10,28,29,58,16,0.197200,0.802800,0.319722,0.236496,0.307302,4,16,5,1,0.373732,4.429545
982,scene573_tx35_x109_y47_s100,scene573_tx35_x104_y47_s128,573,35,109,47,100,104,47,128,5,0,36,16,16,0.246400,0.753600,0.361944,0.337777,0.208198,4,18,5,2,0.299107,4.730299
983,scene576_tx43_x142_y41_s100,scene576_tx43_x116_y26_s128,576,43,142,41,100,116,26,128,26,15,52,45,16,0.219400,0.780600,0.250000,0.269391,0.290793,4,14,4,1,0.533728,4.321359
984,scene577_tx22_x130_y14_s100,scene577_tx22_x125_y8_s128,577,22,130,14,100,125,8,128,5,6,29,52,16,0.249700,0.750300,0.313333,0.338296,0.217461,4,19,7,3,0.308370,5.177514
985,scene577_tx38_x126_y11_s100,scene577_tx38_x120_y11_s128,577,38,126,11,100,120,11,128,6,0,43,43,16,0.252300,0.747700,0.293889,0.323753,0.258819,4,21,8,3,0.285375,5.220580
986,scene578_tx0_x39_y122_s100,scene578_tx0_x25_y94_s128,578,0,39,122,100,25,94,128,14,28,52,59,16,0.256200,0.743800,0.348889,0.306614,0.308743,4,19,6,2,0.355972,4.854467
987,scene578_tx78_x32_y83_s100,scene578_tx78_x11_y61_s128,578,78,32,83,100,11,61,128,21,22,35,44,16,0.247100,0.752900,0.204444,0.261946,0.387697,3,15,4,1,0.526507,3.899573
988,scene578_tx79_x63_y28_s100,scene578_tx79_x43_y19_s128,578,79,63,28,100,43,19,128,20,9,83,43,16,0.251700,0.748300,0.445833,0.347472,0.202622,4,15,3,1,0.508145,4.026190
989,scene579_tx13_x88_y58_s100,scene579_tx13_x61_y50_s128,579,13,88,58,100,61,50,128,27,8,29,24,16,0.242300,0.757700,0.310278,0.310942,0.258770,4,17,4,1,0.581511,3.996783
990,scene579_tx31_x91_y31_s100,scene579_tx31_x71_y8_s128,579,31,91,31,100,71,8,128,20,23,82,46,16,0.210100,0.789900,0.274167,0.274411,0.245597,4,20,6,2,0.521180,4.581554
991,scene579_tx46_x91_y65_s100,scene579_tx46_x65_y56_s128,579,46,91,65,100,65,56,128,26,9,74,61,16,0.259300,0.740700,0.310833,0.357514,0.203625,4,18,3,1,0.575781,4.004114
992,scene581_tx11_x119_y107_s100,scene581_tx11_x102_y98_s128,581,11,119,107,100,102,98,128,17,9,74,44,16,0.120900,0.879100,0.193889,0.137465,0.343259,4,20,10,5,0.182796,4.590607
993,scene581_tx12_x29_y21_s100,scene581_tx12_x1_y21_s128,581,12,29,21,100,1,21,128,28,0,52,39,16,0.254800,0.745200,0.248611,0.271641,0.384223,4,20,10,5,0.279827,5.083088
994,scene581_tx28_x113_y136_s100,scene581_tx28_x104_y119_s128,581,28,113,136,100,104,119,128,9,17,52,24,16,0.154300,0.845700,0.195278,0.175208,0.344135,4,16,10,4,0.178872,4.824676
995,scene581_tx2_x119_y136_s100,scene581_tx2_x99_y115_s128,581,2,119,136,100,99,115,128,20,21,83,63,16,0.167300,0.832700,0.176667,0.176073,0.392110,4,17,11,4,0.164973,4.510059
996,scene581_tx61_x110_y129_s100,scene581_tx61_x88_y103_s128,581,61,110,129,100,88,103,128,22,26,26,35,16,0.145100,0.854900,0.161944,0.183691,0.268780,4,18,10,6,0.179187,4.639758
997,scene581_tx68_x36_y74_s100,scene581_tx68_x15_y68_s128,581,68,36,74,100,15,68,128,21,6,52,55,16,0.209000,0.791000,0.267222,0.273026,0.245455,4,18,9,3,0.283732,5.294096
998,scene581_tx70_x102_y108_s100,scene581_tx70_x74_y85_s128,581,70,102,108,100,74,85,128,28,23,66,71,16,0.120800,0.879200,0.153889,0.143698,0.312914,4,18,9,5,0.182947,4.324881
999,scene581_tx72_x94_y72_s100,scene581_tx72_x66_y54_s128,581,72,94,72,100,66,54,128,28,18,78,25,16,0.132600,0.867400,0.116389,0.139024,0.394419,4,17,10,7,0.166667,3.825729
1000,scene582_tx12_x37_y153_s100,scene582_tx12_x37_y125_s128,582,12,37,153,100,37,125,128,0,28,22,37,16,0.253000,0.747000,0.265833,0.278566,0.364032,4,22,12,7,0.194862,4.959787
1001,scene583_tx21_x11_y92_s100,scene583_tx21_x10_y71_s128,583,21,11,92,100,10,71,128,1,21,50,35,16,0.157000,0.843000,0.177222,0.164127,0.396178,4,15,6,2,0.310828,4.293970
1002,scene585_tx25_x115_y99_s100,scene585_tx25_x115_y99_s128,585,25,115,99,100,115,99,128,0,0,41,21,16,0.205700,0.794300,0.181944,0.218837,0.385513,4,20,11,5,0.157511,4.858890
1003,scene585_tx32_x51_y41_s100,scene585_tx32_x23_y41_s128,585,32,51,41,100,23,41,128,28,0,37,55,16,0.188200,0.811800,0.191944,0.196330,0.397450,4,18,11,6,0.295430,4.827673
1004,scene585_tx41_x81_y53_s100,scene585_tx41_x80_y53_s128,585,41,81,53,100,80,53,128,1,0,29,17,16,0.241200,0.758800,0.238056,0.258483,0.381012,4,23,12,6,0.185323,4.843995
1005,scene585_tx51_x53_y139_s100,scene585_tx51_x37_y115_s128,585,51,53,139,100,37,115,128,16,24,48,57,16,0.185200,0.814800,0.211944,0.220914,0.311015,4,22,14,9,0.143629,5.325516
1006,scene585_tx52_x81_y130_s100,scene585_tx52_x77_y102_s128,585,52,81,130,100,77,102,128,4,28,41,65,16,0.164200,0.835800,0.251389,0.200312,0.295371,4,18,12,7,0.162607,5.099817
1007,scene585_tx60_x68_y100_s100,scene585_tx60_x68_y72_s128,585,60,68,100,100,68,72,128,0,28,30,65,16,0.196800,0.803200,0.219722,0.225762,0.337398,4,19,15,8,0.160569,5.070610
1008,scene586_tx28_x70_y20_s100,scene586_tx28_x58_y20_s128,586,28,70,20,100,58,20,128,12,0,77,56,16,0.258000,0.742000,0.323056,0.276662,0.380620,4,21,11,4,0.256977,4.947977
1009,scene586_tx75_x26_y17_s100,scene586_tx75_x7_y14_s128,586,75,26,17,100,7,14,128,19,3,63,52,16,0.260000,0.740000,0.405000,0.327043,0.273462,4,19,7,1,0.604231,4.374705
1010,scene588_tx22_x96_y77_s100,scene588_tx22_x87_y72_s128,588,22,96,77,100,87,72,128,9,5,38,79,16,0.128500,0.871500,0.183333,0.176247,0.207782,3,11,3,1,0.652140,3.252080
1011,scene588_tx25_x96_y73_s100,scene588_tx25_x95_y70_s128,588,25,96,73,100,95,70,128,1,3,22,17,16,0.139200,0.860800,0.183333,0.176247,0.268678,3,12,4,1,0.602011,3.299121
1012,scene589_tx15_x37_y138_s100,scene589_tx15_x12_y128_s128,589,15,37,138,100,12,128,128,25,10,50,50,16,0.223500,0.776500,0.311111,0.261427,0.324385,4,19,8,4,0.297539,5.242953
1013,scene589_tx6_x70_y118_s100,scene589_tx6_x42_y94_s128,589,6,70,118,100,42,94,128,28,24,59,59,16,0.255500,0.744500,0.348056,0.310942,0.297065,4,19,4,2,0.429354,4.586437
1014,scene589_tx70_x26_y136_s100,scene589_tx70_x3_y124_s128,589,70,26,136,100,3,124,128,23,12,41,24,16,0.195900,0.804100,0.256944,0.222472,0.344053,4,16,8,4,0.339459,4.901623
1015,scene590_tx53_x72_y81_s100,scene590_tx53_x48_y70_s128,590,53,72,81,100,48,70,128,24,11,58,50,16,0.253200,0.746800,0.215000,0.270949,0.381912,4,17,6,1,0.325039,4.551837
1016,scene590_tx69_x109_y119_s100,scene590_tx69_x82_y98_s128,590,69,109,119,100,82,98,128,27,21,54,24,16,0.228600,0.771400,0.207222,0.268525,0.321522,4,19,6,3,0.355643,4.954094
1017,scene590_tx75_x142_y81_s100,scene590_tx75_x123_y78_s128,590,75,142,81,100,123,78,128,19,3,46,38,16,0.259200,0.740800,0.261111,0.269910,0.398534,4,18,9,2,0.343750,4.717718
1018,scene591_tx23_x84_y30_s100,scene591_tx23_x84_y22_s128,591,23,84,30,100,84,22,128,0,8,71,50,16,0.148900,0.851100,0.213333,0.169668,0.341840,4,13,6,2,0.508395,4.323029
1019,scene592_tx1_x79_y15_s100,scene592_tx1_x51_y10_s128,592,1,79,15,100,51,10,128,28,5,60,66,16,0.179500,0.820500,0.196667,0.223165,0.281894,4,16,4,2,0.285794,4.646513
1020,scene592_tx58_x74_y51_s100,scene592_tx58_x60_y51_s128,592,58,74,51,100,60,51,128,14,0,41,22,16,0.197200,0.802800,0.203611,0.250519,0.266227,4,15,4,1,0.543103,4.102401
1021,scene593_tx48_x141_y43_s100,scene593_tx48_x117_y18_s128,593,48,141,43,100,117,18,128,24,25,59,50,16,0.222000,0.778000,0.245833,0.231475,0.397748,4,21,14,6,0.139189,5.225432
1022,scene593_tx73_x16_y46_s100,scene593_tx73_x16_y28_s128,593,73,16,46,100,16,28,128,0,18,77,54,16,0.199800,0.800200,0.205833,0.235976,0.317818,4,22,18,10,0.187187,5.102150
1023,scene595_tx45_x135_y134_s100,scene595_tx45_x107_y114_s128,595,45,135,134,100,107,114,128,28,20,57,44,16,0.257900,0.742100,0.276944,0.293975,0.341605,4,22,12,6,0.148507,5.252417
1024,scene595_tx4_x9_y49_s100,scene595_tx4_x9_y49_s128,595,4,9,49,100,9,49,128,0,0,76,21,16,0.251400,0.748600,0.285556,0.295360,0.321400,4,20,9,3,0.333731,4.773962
1025,scene596_tx58_x27_y129_s100,scene596_tx58_x27_y113_s128,596,58,27,129,100,27,113,128,0,16,37,67,16,0.168300,0.831700,0.200556,0.188193,0.354130,3,17,12,6,0.134284,4.740694
1026,scene597_tx23_x98_y151_s100,scene597_tx23_x70_y123_s128,597,23,98,151,100,70,123,128,28,28,81,49,16,0.174400,0.825600,0.157778,0.184037,0.390482,4,19,10,6,0.252867,4.456127
1027,scene597_tx52_x15_y14_s100,scene597_tx52_x15_y8_s128,597,52,15,14,100,15,8,128,0,6,38,83,16,0.163300,0.836700,0.202222,0.217105,0.232088,4,19,10,8,0.265769,5.006513
1028,scene597_tx61_x120_y71_s100,scene597_tx61_x98_y50_s128,597,61,120,71,100,98,50,128,22,21,49,67,16,0.165800,0.834200,0.227500,0.211392,0.263571,4,19,9,5,0.303378,5.119723
1029,scene597_tx62_x78_y74_s100,scene597_tx62_x68_y74_s128,597,62,78,74,100,68,74,128,10,0,16,33,16,0.126400,0.873600,0.183333,0.138504,0.367089,4,15,9,3,0.377373,4.150668
1030,scene597_tx67_x55_y27_s100,scene597_tx67_x48_y5_s128,597,67,55,27,100,48,5,128,7,22,81,75,16,0.173900,0.826100,0.194444,0.204294,0.321449,4,19,14,9,0.123634,4.830430
1031,scene597_tx72_x121_y23_s100,scene597_tx72_x103_y10_s128,597,72,121,23,100,103,10,128,18,13,76,82,16,0.160400,0.839600,0.168889,0.168109,0.394638,4,19,13,9,0.146509,4.329759
1032,scene598_tx42_x36_y37_s100,scene598_tx42_x33_y23_s128,598,42,36,37,100,33,23,128,3,14,50,39,16,0.205600,0.794400,0.217222,0.227493,0.360895,4,18,6,2,0.284047,4.856617
1033,scene598_tx56_x132_y26_s100,scene598_tx56_x104_y24_s128,598,56,132,26,100,104,24,128,28,2,68,50,16,0.229300,0.770700,0.273333,0.267140,0.327082,4,16,11,5,0.494985,4.918015
1034,scene599_tx24_x70_y126_s100,scene599_tx24_x70_y98_s128,599,24,70,126,100,70,98,128,0,28,39,55,16,0.189900,0.810100,0.210556,0.209314,0.363349,4,24,19,11,0.076356,5.208976
1035,scene599_tx40_x65_y38_s100,scene599_tx40_x51_y22_s128,599,40,65,38,100,51,22,128,14,16,53,77,16,0.179100,0.820900,0.206111,0.199273,0.357342,4,21,14,7,0.168621,4.966373
1036,scene599_tx53_x102_y21_s100,scene599_tx53_x81_y2_s128,599,53,102,21,100,81,2,128,21,19,81,60,16,0.211400,0.788600,0.226389,0.250173,0.316462,4,25,15,7,0.142857,5.063675
1037,scene599_tx68_x41_y117_s100,scene599_tx68_x37_y89_s128,599,68,41,117,100,37,89,128,4,28,16,56,16,0.216500,0.783500,0.240000,0.225416,0.398614,4,24,16,8,0.139030,4.976536
1038,scene599_tx75_x56_y135_s100,scene599_tx75_x38_y113_s128,599,75,56,135,100,38,113,128,18,22,83,64,16,0.217600,0.782400,0.207778,0.236669,0.371783,4,25,21,11,0.066636,5.017888
1039,scene599_tx76_x118_y94_s100,scene599_tx76_x118_y83_s128,599,76,118,94,100,118,83,128,0,11,29,56,16,0.173800,0.826200,0.212222,0.203255,0.324511,4,20,14,6,0.143268,5.074308
1040,scene59_tx47_x119_y31_s100,scene59_tx47_x93_y26_s128,59,47,119,31,100,93,26,128,26,5,75,62,16,0.260000,0.740000,0.318333,0.282895,0.371538,3,16,7,1,0.384615,4.078667
1041,scene600_tx46_x128_y80_s100,scene600_tx46_x112_y72_s128,600,46,128,80,100,112,72,128,16,8,56,26,16,0.222300,0.777700,0.208611,0.244460,0.364822,3,13,3,2,0.673864,3.829069
1042,scene600_tx66_x122_y119_s100,scene600_tx66_x94_y100_s128,600,66,122,119,100,94,100,128,28,19,77,76,16,0.122000,0.878000,0.156944,0.126731,0.400000,3,12,5,2,0.300000,3.449206
1043,scene600_tx74_x122_y97_s100,scene600_tx74_x114_y86_s128,600,74,122,97,100,114,86,128,8,11,73,83,16,0.187000,0.813000,0.234167,0.194425,0.399465,3,12,4,2,0.566845,3.696316
1044,scene601_tx36_x39_y18_s100,scene601_tx36_x11_y18_s128,601,36,39,18,100,11,18,128,28,0,25,64,16,0.144400,0.855600,0.189722,0.166205,0.335180,4,16,15,9,0.103878,4.726922
1045,scene601_tx77_x119_y48_s100,scene601_tx77_x107_y48_s128,601,77,119,48,100,107,48,128,12,0,61,77,16,0.206000,0.794000,0.321111,0.261253,0.267476,4,20,11,5,0.282524,5.020757
1046,scene603_tx13_x149_y25_s100,scene603_tx13_x121_y15_s128,603,13,149,25,100,121,15,128,28,10,23,65,16,0.178800,0.821200,0.197778,0.186807,0.396532,4,20,16,7,0.190716,4.719911
1047,scene603_tx35_x109_y81_s100,scene603_tx35_x81_y81_s128,603,35,109,81,100,81,81,128,28,0,54,16,16,0.185500,0.814500,0.226944,0.215201,0.329919,4,22,15,9,0.132615,5.054567
1048,scene603_tx49_x117_y46_s100,scene603_tx49_x89_y45_s128,603,49,117,46,100,89,45,128,28,1,33,16,16,0.136900,0.863100,0.153889,0.154086,0.349890,3,17,12,7,0.113221,4.087923
1049,scene604_tx11_x49_y122_s100,scene604_tx11_x49_y113_s128,604,11,49,122,100,49,113,128,0,9,41,25,16,0.225200,0.774800,0.250278,0.235803,0.395204,4,21,15,6,0.251332,4.927556
1050,scene604_tx27_x31_y45_s100,scene604_tx27_x3_y45_s128,604,27,31,45,100,3,45,128,28,0,70,44,16,0.244000,0.756000,0.263056,0.285319,0.324590,4,24,15,8,0.163115,5.155689
1051,scene604_tx30_x89_y87_s100,scene604_tx30_x66_y79_s128,604,30,89,87,100,66,79,128,23,8,62,16,16,0.166800,0.833200,0.219167,0.208102,0.279376,4,17,12,6,0.230815,4.924119
1052,scene604_tx3_x76_y129_s100,scene604_tx3_x76_y124_s128,604,3,76,129,100,76,124,128,0,5,41,50,16,0.245800,0.754200,0.240278,0.267140,0.372254,4,25,13,7,0.198129,5.202980
1053,scene604_tx41_x90_y91_s100,scene604_tx41_x74_y63_s128,604,41,90,91,100,74,63,128,16,28,83,58,16,0.167800,0.832200,0.249167,0.214508,0.261621,4,19,11,7,0.229440,5.021604
1054,scene604_tx4_x21_y39_s100,scene604_tx4_x21_y11_s128,604,4,21,39,100,21,11,128,0,28,36,54,16,0.250200,0.749800,0.341111,0.297611,0.312950,4,24,14,7,0.159073,5.237295
1055,scene604_tx59_x104_y147_s100,scene604_tx59_x76_y119_s128,604,59,104,147,100,76,119,128,28,28,59,54,16,0.210100,0.789900,0.258333,0.253463,0.303189,4,18,10,5,0.247501,5.209422
1056,scene604_tx64_x89_y62_s100,scene604_tx64_x63_y34_s128,604,64,89,62,100,63,34,128,26,28,83,54,16,0.150500,0.849500,0.160556,0.163262,0.373422,4,17,12,7,0.128904,4.454288
1057,scene607_tx1_x21_y67_s100,scene607_tx1_x9_y48_s128,607,1,21,67,100,9,48,128,12,19,80,49,16,0.208800,0.791200,0.199167,0.222645,0.384100,4,15,4,1,0.517720,4.025966
1058,scene607_tx53_x129_y63_s100,scene607_tx53_x120_y63_s128,607,53,129,63,100,120,63,128,9,0,45,18,16,0.176900,0.823100,0.203056,0.199446,0.348785,3,11,4,1,0.493499,3.660863
1059,scene608_tx62_x79_y132_s100,scene608_tx62_x56_y108_s128,608,62,79,132,100,56,108,128,23,24,83,49,16,0.125200,0.874800,0.196944,0.167590,0.226837,4,11,6,4,0.184505,4.807480
1060,scene608_tx74_x42_y44_s100,scene608_tx74_x29_y31_s128,608,74,42,44,100,29,31,128,13,13,66,20,16,0.195100,0.804900,0.230278,0.220568,0.347002,4,16,12,6,0.131215,4.997505
1061,scene609_tx1_x137_y28_s100,scene609_tx1_x109_y0_s128,609,1,137,28,100,109,0,128,28,28,62,65,16,0.242900,0.757100,0.301667,0.299515,0.287773,4,18,9,2,0.568958,4.559943
1062,scene609_tx73_x19_y123_s100,scene609_tx73_x16_y123_s128,609,73,19,123,100,16,123,128,3,0,67,65,16,0.187000,0.813000,0.235556,0.204640,0.367914,4,13,5,2,0.268984,4.609968
1063,scene610_tx49_x37_y112_s100,scene610_tx49_x35_y107_s128,610,49,37,112,100,35,107,128,2,5,23,80,16,0.257400,0.742600,0.291944,0.269564,0.395105,4,17,7,2,0.268842,4.461249
1064,scene610_tx60_x132_y121_s100,scene610_tx60_x108_y110_s128,610,60,132,121,100,108,110,128,24,11,34,69,16,0.218200,0.781800,0.298056,0.297438,0.212649,4,18,8,5,0.305225,5.090119
1065,scene612_tx17_x28_y18_s100,scene612_tx17_x28_y11_s128,612,17,28,18,100,28,11,128,0,7,31,50,16,0.236000,0.764000,0.235000,0.246711,0.396186,4,22,12,7,0.193220,5.098678
1066,scene612_tx19_x76_y25_s100,scene612_tx19_x48_y25_s128,612,19,76,25,100,48,25,128,28,0,83,63,16,0.139100,0.860900,0.142222,0.150104,0.376707,4,15,8,3,0.327822,3.999216
1067,scene612_tx29_x8_y104_s100,scene612_tx29_x3_y77_s128,612,29,8,104,100,3,77,128,5,27,47,83,16,0.192600,0.807400,0.186389,0.202562,0.392523,3,15,7,2,0.238318,4.269427
1068,scene612_tx56_x98_y111_s100,scene612_tx56_x83_y101_s128,612,56,98,111,100,83,101,128,15,10,68,16,16,0.194600,0.805400,0.224722,0.250519,0.256423,4,16,8,4,0.290339,4.914987
1069,scene613_tx24_x76_y12_s100,scene613_tx24_x76_y4_s128,613,24,76,12,100,76,4,128,0,8,20,57,16,0.257900,0.742100,0.329167,0.313539,0.297790,4,19,11,4,0.141140,5.119626
1070,scene613_tx38_x143_y124_s100,scene613_tx38_x126_y124_s128,613,38,143,124,100,126,124,128,17,0,44,21,16,0.201800,0.798200,0.244167,0.231129,0.338454,4,19,10,5,0.228444,5.008256
1071,scene614_tx68_x93_y78_s100,scene614_tx68_x93_y72_s128,614,68,93,78,100,93,72,128,0,6,38,25,16,0.120100,0.879900,0.128056,0.145602,0.299750,3,12,5,3,0.292256,3.871853
1072,scene616_tx44_x76_y47_s100,scene616_tx44_x76_y20_s128,616,44,76,47,100,76,20,128,0,27,51,78,16,0.212400,0.787600,0.195000,0.220741,0.399718,4,21,13,6,0.169962,5.000373
1073,scene616_tx58_x77_y106_s100,scene616_tx58_x75_y78_s128,616,58,77,106,100,75,78,128,2,28,27,74,16,0.191500,0.808500,0.245556,0.232341,0.299217,4,22,15,8,0.200522,4.984470
1074,scene616_tx60_x138_y68_s100,scene616_tx60_x110_y68_s128,616,60,138,68,100,110,68,128,28,0,62,27,16,0.254500,0.745500,0.265278,0.268006,0.391749,4,24,16,6,0.200000,4.969902
1075,scene616_tx77_x59_y92_s100,scene616_tx77_x31_y92_s128,616,77,59,92,100,31,92,128,28,0,55,59,16,0.193700,0.806300,0.206111,0.201350,0.399587,4,20,16,8,0.102220,5.114773
1076,scene618_tx17_x68_y93_s100,scene618_tx17_x43_y93_s128,618,17,68,93,100,43,93,128,25,0,25,16,16,0.232800,0.767200,0.231667,0.246018,0.389605,4,19,9,4,0.195876,4.784186
1077,scene618_tx28_x67_y112_s100,scene618_tx28_x56_y84_s128,618,28,67,112,100,56,84,128,11,28,19,54,16,0.203100,0.796900,0.296667,0.271814,0.226982,4,18,9,6,0.255047,5.118080
1078,scene618_tx35_x120_y105_s100,scene618_tx35_x112_y99_s128,618,35,120,105,100,112,99,128,8,6,78,49,16,0.260000,0.740000,0.280278,0.271641,0.396538,4,24,13,5,0.165769,5.042962
1079,scene618_tx47_x69_y57_s100,scene618_tx47_x53_y57_s128,618,47,69,57,100,53,57,128,16,0,46,25,16,0.198200,0.801800,0.216111,0.251212,0.267911,4,21,10,5,0.228052,5.141259
1080,scene618_tx76_x135_y38_s100,scene618_tx76_x108_y17_s128,618,76,135,38,100,108,17,128,27,21,50,30,16,0.194200,0.805800,0.199722,0.221780,0.340371,4,19,10,5,0.183316,5.164626
1081,scene618_tx77_x45_y107_s100,scene618_tx77_x21_y87_s128,618,77,45,107,100,21,87,128,24,20,63,35,16,0.230500,0.769500,0.200556,0.252597,0.367028,4,22,11,3,0.233406,5.025501
1082,scene618_tx79_x69_y46_s100,scene618_tx79_x52_y46_s128,618,79,69,46,100,52,46,128,17,0,49,19,16,0.199000,0.801000,0.210556,0.225935,0.344221,4,18,9,4,0.227136,5.026513
1083,scene618_tx9_x71_y37_s100,scene618_tx9_x71_y10_s128,618,9,71,37,100,71,10,128,0,27,44,50,16,0.177400,0.822600,0.230556,0.230090,0.250846,4,20,10,4,0.254791,5.321673
1084,scene619_tx2_x47_y122_s100,scene619_tx2_x47_y122_s128,619,2,47,122,100,47,122,128,0,0,83,76,16,0.187600,0.812400,0.257500,0.245325,0.244670,4,14,8,6,0.276652,4.885409
1085,scene619_tx32_x75_y114_s100,scene619_tx32_x61_y113_s128,619,32,75,114,100,61,113,128,14,1,83,54,16,0.122200,0.877800,0.204722,0.179363,0.152209,3,12,6,4,0.424714,4.617449
1086,scene619_tx43_x43_y122_s100,scene619_tx43_x29_y98_s128,619,43,43,122,100,29,98,128,14,24,71,73,16,0.190900,0.809100,0.265556,0.263504,0.202724,4,14,8,6,0.271870,5.060048
1087,scene619_tx62_x80_y34_s100,scene619_tx62_x53_y34_s128,619,62,80,34,100,53,34,128,27,0,59,37,16,0.188400,0.811600,0.298889,0.268352,0.177282,4,19,10,8,0.226645,5.307280
1088,scene61_tx38_x81_y49_s100,scene61_tx38_x53_y33_s128,61,38,81,49,100,53,33,128,28,16,53,43,16,0.191000,0.809000,0.300278,0.247749,0.250785,4,13,9,6,0.171728,5.364503
1089,scene620_tx38_x90_y65_s100,scene620_tx38_x81_y62_s128,620,38,90,65,100,81,62,128,9,3,24,49,16,0.222000,0.778000,0.318056,0.309903,0.193694,4,20,7,3,0.256306,5.220892
1090,scene620_tx50_x37_y24_s100,scene620_tx50_x24_y24_s128,620,50,37,24,100,24,24,128,13,0,54,57,16,0.173200,0.826800,0.230000,0.228705,0.237298,4,18,9,5,0.234411,5.316273
1091,scene620_tx65_x26_y140_s100,scene620_tx65_x11_y112_s128,620,65,26,140,100,11,112,128,15,28,47,62,16,0.143200,0.856800,0.214167,0.163262,0.341480,4,12,9,5,0.244413,4.840770
1092,scene621_tx15_x118_y93_s100,scene621_tx15_x106_y80_s128,621,15,118,93,100,106,80,128,12,13,42,40,16,0.193200,0.806800,0.205833,0.251212,0.248965,3,14,3,1,0.517598,3.938070
1093,scene621_tx26_x38_y129_s100,scene621_tx26_x11_y107_s128,621,26,38,129,100,11,107,128,27,22,25,48,16,0.157600,0.842400,0.199722,0.177978,0.347716,4,16,4,1,0.634518,3.771186
1094,scene622_tx15_x98_y21_s100,scene622_tx15_x95_y13_s128,622,15,98,21,100,95,13,128,3,8,81,82,16,0.180800,0.819200,0.223889,0.223684,0.285398,4,13,4,1,0.568584,3.848463
1095,scene622_tx42_x32_y100_s100,scene622_tx42_x32_y81_s128,622,42,32,100,100,32,81,128,0,19,48,81,16,0.173500,0.826500,0.203611,0.215201,0.283573,3,10,3,1,0.592507,3.532945
1096,scene622_tx44_x137_y128_s100,scene622_tx44_x124_y100_s128,622,44,137,128,100,124,100,128,13,28,29,52,16,0.121100,0.878900,0.131389,0.143352,0.316268,4,13,10,6,0.200661,4.257526
1097,scene622_tx6_x49_y82_s100,scene622_tx6_x48_y81_s128,622,6,49,82,100,48,81,128,1,1,19,16,16,0.167800,0.832200,0.235278,0.174515,0.399285,3,12,3,1,0.612634,3.048055
1098,scene626_tx28_x88_y59_s100,scene626_tx28_x60_y59_s128,626,28,88,59,100,60,59,128,28,0,80,65,16,0.180900,0.819100,0.243889,0.194252,0.379768,4,17,6,2,0.544500,4.187119
1099,scene626_tx42_x112_y135_s100,scene626_tx42_x88_y107_s128,626,42,112,135,100,88,107,128,24,28,76,32,16,0.120200,0.879800,0.193333,0.134868,0.351913,4,15,9,5,0.218802,4.417761
1100,scene626_tx44_x88_y40_s100,scene626_tx44_x86_y12_s128,626,44,88,40,100,86,12,128,2,28,35,27,16,0.181400,0.818600,0.230278,0.197195,0.372106,4,18,5,1,0.592062,3.958895
1101,scene627_tx11_x35_y23_s100,scene627_tx11_x28_y19_s128,627,11,35,23,100,28,19,128,7,4,42,50,16,0.227400,0.772600,0.397222,0.296918,0.245822,4,15,5,3,0.273967,5.294443
1102,scene627_tx13_x130_y58_s100,scene627_tx13_x106_y49_s128,627,13,130,58,100,106,49,128,24,9,62,33,16,0.122600,0.877400,0.132778,0.129675,0.389070,3,14,8,4,0.237357,3.824254
1103,scene627_tx27_x1_y93_s100,scene627_tx27_x1_y65_s128,627,27,1,93,100,1,65,128,0,28,69,59,16,0.218200,0.781800,0.312222,0.279432,0.260312,4,19,9,4,0.603575,4.820409
1104,scene627_tx33_x65_y114_s100,scene627_tx33_x56_y90_s128,627,33,65,114,100,56,90,128,9,24,39,71,16,0.143000,0.857000,0.200278,0.169494,0.315385,4,19,15,10,0.105594,4.895019
1105,scene627_tx38_x70_y39_s100,scene627_tx38_x70_y37_s128,627,38,70,39,100,70,37,128,0,2,60,58,16,0.185600,0.814400,0.202500,0.200658,0.375539,4,13,6,1,0.318966,4.379449
1106,scene627_tx46_x54_y115_s100,scene627_tx46_x49_y92_s128,627,46,54,115,100,49,92,128,5,23,16,58,16,0.154400,0.845600,0.162778,0.161357,0.396373,4,19,15,10,0.112047,4.407086
1107,scene627_tx4_x35_y29_s100,scene627_tx4_x7_y29_s128,627,4,35,29,100,7,29,128,28,0,26,31,16,0.231700,0.768300,0.415000,0.309384,0.228744,4,13,4,3,0.268882,4.879513
1108,scene627_tx53_x7_y102_s100,scene627_tx53_x4_y74_s128,627,53,7,102,100,4,74,128,3,28,83,56,16,0.207800,0.792200,0.212500,0.249134,0.307507,4,16,9,5,0.633782,4.648587
1109,scene627_tx57_x42_y140_s100,scene627_tx57_x18_y123_s128,627,57,42,140,100,18,123,128,24,17,83,50,16,0.148900,0.851100,0.202500,0.186807,0.275353,4,20,15,10,0.139691,4.998805
1110,scene627_tx77_x14_y97_s100,scene627_tx77_x14_y91_s128,627,77,14,97,100,14,91,128,0,6,68,51,16,0.219900,0.780100,0.201944,0.232514,0.389268,4,17,9,4,0.586630,4.752911
1111,scene629_tx22_x122_y77_s100,scene629_tx22_x96_y69_s128,629,22,122,77,100,96,69,128,26,8,65,75,16,0.146500,0.853500,0.241389,0.158241,0.376109,4,10,2,1,0.593174,3.094612
1112,scene62_tx11_x106_y57_s100,scene62_tx11_x85_y57_s128,62,11,106,57,100,85,57,128,21,0,66,42,16,0.225500,0.774500,0.223889,0.234418,0.399557,4,16,9,4,0.403548,4.865339
1113,scene62_tx3_x57_y21_s100,scene62_tx3_x29_y13_s128,62,3,57,21,100,29,13,128,28,8,55,65,16,0.255200,0.744800,0.362222,0.352493,0.202194,4,19,8,5,0.537618,5.013511
1114,scene62_tx70_x138_y56_s100,scene62_tx70_x110_y37_s128,62,70,138,56,100,110,37,128,28,19,64,71,16,0.217200,0.782800,0.336944,0.256925,0.316759,4,18,12,7,0.197053,5.062541
1115,scene634_tx48_x46_y120_s100,scene634_tx48_x32_y106_s128,634,48,46,120,100,32,106,128,14,14,16,21,16,0.259300,0.740700,0.400000,0.318213,0.291169,4,18,7,4,0.279985,4.794612
1116,scene636_tx24_x37_y107_s100,scene636_tx24_x37_y85_s128,636,24,37,107,100,37,85,128,0,22,37,79,16,0.167000,0.833000,0.323056,0.234245,0.189820,4,12,4,2,0.647904,4.326435
1117,scene636_tx40_x62_y103_s100,scene636_tx40_x37_y103_s128,636,40,62,103,100,37,103,128,25,0,60,18,16,0.175300,0.824700,0.298889,0.265755,0.124358,3,12,2,1,0.617228,3.645932
1118,scene638_tx26_x28_y115_s100,scene638_tx26_x28_y113_s128,638,26,28,115,100,28,113,128,0,2,27,72,16,0.175000,0.825000,0.216389,0.220741,0.271429,3,15,5,2,0.348571,4.433905
1119,scene638_tx78_x147_y25_s100,scene638_tx78_x121_y20_s128,638,78,147,25,100,121,20,128,26,5,22,32,16,0.222800,0.777200,0.373889,0.307479,0.202873,4,14,4,1,0.576302,4.076548
1120,scene638_tx9_x45_y114_s100,scene638_tx9_x45_y105_s128,638,9,45,114,100,45,105,128,0,9,26,69,16,0.201400,0.798600,0.236389,0.244114,0.299901,4,16,5,1,0.368421,4.331207
1121,scene639_tx0_x7_y88_s100,scene639_tx0_x1_y60_s128,639,0,7,88,100,1,60,128,6,28,74,65,16,0.150600,0.849400,0.201111,0.176593,0.322709,4,16,8,4,0.356574,4.643066
1122,scene639_tx11_x104_y77_s100,scene639_tx11_x98_y68_s128,639,11,104,77,100,98,68,128,6,9,48,35,16,0.188300,0.811700,0.196111,0.215201,0.339883,4,16,5,2,0.254381,4.807131
1123,scene639_tx16_x70_y54_s100,scene639_tx16_x42_y52_s128,639,16,70,54,100,42,52,128,28,2,51,47,16,0.144500,0.855500,0.245833,0.187154,0.251903,4,13,5,2,0.331488,4.821549
1124,scene639_tx21_x33_y134_s100,scene639_tx21_x33_y110_s128,639,21,33,134,100,33,110,128,0,24,20,45,16,0.137500,0.862500,0.187222,0.162569,0.317091,4,19,12,8,0.142545,4.708497
1125,scene639_tx24_x110_y133_s100,scene639_tx24_x83_y123_s128,639,24,110,133,100,83,123,128,27,10,83,26,16,0.144400,0.855600,0.137500,0.160319,0.358726,4,18,9,3,0.331717,3.951948
1126,scene639_tx53_x104_y101_s100,scene639_tx53_x91_y92_s128,639,53,104,101,100,91,92,128,13,9,82,60,16,0.156900,0.843100,0.210833,0.194252,0.284895,4,15,7,3,0.305290,4.806922
1127,scene640_tx49_x99_y75_s100,scene640_tx49_x86_y71_s128,640,49,99,75,100,86,71,128,13,4,44,17,16,0.259600,0.740400,0.206944,0.277008,0.383667,4,19,8,3,0.424114,4.745897
1128,scene644_tx26_x117_y52_s100,scene644_tx26_x102_y51_s128,644,26,117,52,100,102,51,128,15,1,82,57,16,0.169500,0.830500,0.192222,0.181614,0.381121,4,13,5,1,0.448378,3.929957
1129,scene645_tx42_x135_y138_s100,scene645_tx42_x126_y110_s128,645,42,135,138,100,126,110,128,9,28,64,59,16,0.187900,0.812100,0.236111,0.262639,0.192656,4,17,5,3,0.283129,5.229997
1130,scene646_tx10_x131_y107_s100,scene646_tx10_x104_y79_s128,646,10,131,107,100,104,79,128,27,28,67,81,16,0.157700,0.842300,0.155556,0.180748,0.337984,4,19,12,7,0.138871,4.460222
1131,scene646_tx21_x95_y36_s100,scene646_tx21_x95_y8_s128,646,21,95,36,100,95,8,128,0,28,22,63,16,0.163700,0.836300,0.227500,0.187846,0.337202,4,19,10,4,0.216860,4.796799
1132,scene646_tx24_x47_y23_s100,scene646_tx24_x47_y23_s128,646,24,47,23,100,47,23,128,0,0,75,45,16,0.210100,0.789900,0.175556,0.218490,0.399334,4,20,9,3,0.298429,4.732867
1133,scene648_tx11_x133_y113_s100,scene648_tx11_x105_y85_s128,648,11,133,113,100,105,85,128,28,28,63,63,16,0.193700,0.806300,0.213889,0.223857,0.332473,4,20,12,7,0.184306,5.127157
1134,scene648_tx23_x106_y14_s100,scene648_tx23_x106_y0_s128,648,23,106,14,100,106,0,128,0,14,30,58,16,0.227600,0.772400,0.286944,0.280471,0.288225,4,19,6,2,0.476274,4.634817
1135,scene648_tx43_x102_y100_s100,scene648_tx43_x74_y96_s128,648,43,102,100,100,74,96,128,28,4,44,63,16,0.157200,0.842800,0.147500,0.167763,0.383588,3,16,11,5,0.219466,4.237747
1136,scene648_tx61_x89_y69_s100,scene648_tx61_x61_y52_s128,648,61,89,69,100,61,52,128,28,17,83,68,16,0.186500,0.813500,0.201389,0.227147,0.296515,4,17,8,4,0.249866,4.911303
1137,scene650_tx22_x57_y100_s100,scene650_tx22_x29_y75_s128,650,22,57,100,100,29,75,128,28,25,66,39,16,0.170300,0.829700,0.158333,0.198407,0.327070,4,15,5,2,0.387551,4.266608
1138,scene650_tx8_x33_y54_s100,scene650_tx8_x8_y26_s128,650,8,33,54,100,8,26,128,25,28,83,76,16,0.183600,0.816400,0.289722,0.225242,0.291394,4,15,5,1,0.427015,4.160680
1139,scene651_tx75_x117_y15_s100,scene651_tx75_x89_y0_s128,651,75,117,15,100,89,0,128,28,15,71,71,16,0.141600,0.858400,0.203056,0.182306,0.256356,4,17,7,5,0.388418,4.701193
1140,scene651_tx78_x118_y126_s100,scene651_tx78_x107_y98_s128,651,78,118,126,100,107,98,128,11,28,16,69,16,0.248300,0.751700,0.293333,0.258310,0.399114,3,17,6,2,0.236005,4.317992
1141,scene652_tx59_x114_y105_s100,scene652_tx59_x111_y77_s128,652,59,114,105,100,111,77,128,3,28,71,83,16,0.146700,0.853300,0.236111,0.197022,0.224267,3,11,3,1,0.579414,3.423740
1142,scene652_tx76_x61_y91_s100,scene652_tx76_x58_y79_s128,652,76,61,91,100,58,79,128,3,12,16,61,16,0.157500,0.842500,0.174722,0.200658,0.264127,4,14,5,2,0.394286,4.319077
1143,scene657_tx63_x71_y62_s100,scene657_tx63_x71_y34_s128,657,63,71,62,100,71,34,128,0,28,16,41,16,0.175100,0.824900,0.200833,0.203255,0.329526,3,14,5,1,0.424329,3.954002
1144,scene658_tx75_x63_y116_s100,scene658_tx75_x46_y103_s128,658,75,63,116,100,46,103,128,17,13,50,50,16,0.207900,0.792100,0.327500,0.262812,0.269841,4,21,13,9,0.290524,5.314719
1145,scene658_tx77_x51_y20_s100,scene658_tx77_x24_y20_s128,658,77,51,20,100,24,20,128,27,0,42,38,16,0.215000,0.785000,0.254444,0.259349,0.303256,4,24,17,10,0.130233,5.258884
1146,scene661_tx67_x64_y43_s100,scene661_tx67_x61_y30_s128,661,67,64,43,100,61,30,128,3,13,35,27,16,0.259000,0.741000,0.309722,0.293456,0.345560,4,16,5,1,0.386100,4.300505
1147,scene668_tx10_x103_y104_s100,scene668_tx10_x84_y76_s128,668,10,103,104,100,84,76,128,19,28,23,38,16,0.134800,0.865200,0.145556,0.166378,0.287092,4,18,12,8,0.183976,4.404317
1148,scene668_tx55_x115_y97_s100,scene668_tx55_x103_y69_s128,668,55,115,97,100,103,69,128,12,28,76,16,16,0.120200,0.879800,0.142500,0.126558,0.391847,4,15,11,6,0.206323,3.851910
1149,scene669_tx44_x91_y71_s100,scene669_tx44_x89_y49_s128,669,44,91,71,100,89,49,128,2,22,40,37,16,0.255200,0.744800,0.399167,0.316828,0.282915,4,14,4,1,0.682210,4.069179
1150,scene672_tx65_x20_y65_s100,scene672_tx65_x2_y37_s128,672,65,20,65,100,2,37,128,18,28,50,27,16,0.240500,0.759500,0.204722,0.262465,0.369647,3,12,2,1,0.671933,3.454351
1151,scene673_tx15_x110_y98_s100,scene673_tx15_x85_y98_s128,673,15,110,98,100,85,98,128,25,0,82,66,16,0.179300,0.820700,0.224167,0.203255,0.345231,4,13,5,1,0.384830,4.130705
1152,scene674_tx12_x96_y105_s100,scene674_tx12_x80_y103_s128,674,12,96,105,100,80,103,128,16,2,50,68,16,0.252700,0.747300,0.251944,0.269391,0.384250,3,12,5,1,0.682628,3.947202
1153,scene674_tx15_x47_y103_s100,scene674_tx15_x24_y93_s128,674,15,47,103,100,24,93,128,23,10,41,76,16,0.142800,0.857200,0.188056,0.190443,0.229692,4,12,4,2,0.433473,4.282747
1154,scene674_tx1_x35_y110_s100,scene674_tx1_x7_y91_s128,674,1,35,110,100,7,91,128,28,19,40,63,16,0.125300,0.874700,0.171944,0.130194,0.399840,3,9,4,1,0.494014,2.987005
1155,scene674_tx60_x39_y70_s100,scene674_tx60_x15_y42_s128,674,60,39,70,100,15,42,128,24,28,16,52,16,0.129600,0.870400,0.091667,0.163608,0.270833,3,9,3,2,0.477623,2.779546
1156,scene675_tx18_x91_y44_s100,scene675_tx18_x91_y16_s128,675,18,91,44,100,91,16,128,0,28,41,78,16,0.247300,0.752700,0.209444,0.261600,0.389001,4,22,9,3,0.250303,4.911926
1157,scene675_tx22_x131_y34_s100,scene675_tx22_x103_y27_s128,675,22,131,34,100,103,27,128,28,7,61,48,16,0.187900,0.812100,0.336667,0.230090,0.292709,4,19,5,2,0.373603,4.841840
1158,scene675_tx2_x128_y111_s100,scene675_tx2_x121_y108_s128,675,2,128,111,100,121,108,128,7,3,68,50,16,0.159300,0.840700,0.334167,0.265582,0.037037,4,14,3,2,0.498431,4.676301
1159,scene675_tx30_x125_y52_s100,scene675_tx30_x97_y27_s128,675,30,125,52,100,97,27,128,28,25,46,63,16,0.221300,0.778700,0.253611,0.259176,0.323543,4,17,7,2,0.317216,4.823587
1160,scene675_tx37_x110_y35_s100,scene675_tx37_x82_y35_s128,675,37,110,35,100,82,35,128,28,0,55,36,16,0.215800,0.784200,0.245556,0.235284,0.370250,4,20,8,3,0.325301,5.010929
1161,scene675_tx43_x119_y117_s100,scene675_tx43_x117_y111_s128,675,43,119,117,100,117,111,128,2,6,44,83,16,0.171200,0.828800,0.376667,0.267140,0.098715,4,13,5,2,0.463785,4.785469
1162,scene675_tx63_x98_y108_s100,scene675_tx63_x70_y80_s128,675,63,98,108,100,70,80,128,28,28,46,78,16,0.214400,0.785600,0.244167,0.260734,0.297575,4,14,6,2,0.370336,4.686942
1163,scene676_tx0_x107_y44_s100,scene676_tx0_x94_y24_s128,676,0,107,44,100,94,24,128,13,20,47,81,16,0.165300,0.834700,0.202222,0.239439,0.163339,4,20,13,10,0.130067,5.314933
1164,scene676_tx19_x41_y90_s100,scene676_tx19_x13_y77_s128,676,19,41,90,100,13,77,128,28,13,28,83,16,0.161400,0.838600,0.169722,0.183345,0.343866,4,23,14,9,0.126394,4.521724
1165,scene676_tx30_x128_y69_s100,scene676_tx30_x128_y41_s128,676,30,128,69,100,128,41,128,0,28,17,69,16,0.171900,0.828100,0.208889,0.189231,0.364165,4,19,15,9,0.125073,4.766607
1166,scene676_tx51_x27_y27_s100,scene676_tx51_x6_y6_s128,676,51,27,27,100,6,6,128,21,21,63,45,16,0.183500,0.816500,0.187500,0.198580,0.374932,4,22,15,9,0.143869,4.972265
1167,scene676_tx54_x48_y34_s100,scene676_tx54_x20_y7_s128,676,54,48,34,100,20,7,128,28,27,17,38,16,0.183400,0.816600,0.200833,0.238747,0.248092,4,24,16,10,0.143948,5.112737
1168,scene676_tx60_x85_y92_s100,scene676_tx60_x65_y85_s128,676,60,85,92,100,65,85,128,20,7,49,42,16,0.192400,0.807600,0.181389,0.205506,0.383056,4,24,18,10,0.106029,5.063568
1169,scene678_tx51_x76_y4_s100,scene678_tx51_x51_y4_s128,678,51,76,4,100,51,4,128,25,0,44,79,16,0.125300,0.874700,0.200556,0.181787,0.162011,3,14,6,4,0.419792,4.639337
1170,scene679_tx2_x63_y118_s100,scene679_tx2_x35_y93_s128,679,2,63,118,100,35,93,128,28,25,76,75,16,0.182100,0.817900,0.271111,0.221780,0.296540,3,13,4,1,0.369577,3.910199
1171,scene680_tx73_x70_y124_s100,scene680_tx73_x70_y124_s128,680,73,70,124,100,70,124,128,0,0,16,27,16,0.193900,0.806100,0.357222,0.291724,0.130995,4,17,5,4,0.373388,4.950756
1172,scene681_tx55_x37_y73_s100,scene681_tx55_x31_y46_s128,681,55,37,73,100,31,46,128,6,27,16,18,16,0.204100,0.795900,0.185000,0.220741,0.375306,4,25,10,4,0.202352,4.634516
1173,scene681_tx60_x123_y28_s100,scene681_tx60_x122_y2_s128,681,60,123,28,100,122,2,128,1,26,59,39,16,0.210300,0.789700,0.264444,0.220395,0.394674,4,16,5,1,0.359011,4.409948
1174,scene681_tx72_x39_y71_s100,scene681_tx72_x37_y50_s128,681,72,39,71,100,37,50,128,2,21,33,36,16,0.194000,0.806000,0.200833,0.218490,0.349485,4,25,9,3,0.212887,5.032786
1175,scene681_tx78_x120_y31_s100,scene681_tx78_x101_y3_s128,681,78,120,31,100,101,3,128,19,28,50,73,16,0.212600,0.787400,0.251389,0.231994,0.369708,4,21,6,1,0.355127,4.419402
1176,scene682_tx0_x20_y126_s100,scene682_tx0_x20_y121_s128,682,0,20,126,100,20,121,128,0,5,36,42,16,0.210500,0.789500,0.230000,0.233380,0.359620,4,22,13,7,0.148694,5.158632
1177,scene682_tx33_x45_y61_s100,scene682_tx33_x17_y61_s128,682,33,45,61,100,17,61,128,28,0,73,31,16,0.226100,0.773900,0.201667,0.235630,0.398054,4,19,10,3,0.271561,4.841930
1178,scene682_tx46_x111_y47_s100,scene682_tx46_x94_y47_s128,682,46,111,47,100,94,47,128,17,0,82,56,16,0.163600,0.836400,0.247500,0.220568,0.221271,4,15,6,3,0.361247,5.005352
1179,scene682_tx60_x85_y83_s100,scene682_tx60_x57_y55_s128,682,60,85,83,100,57,55,128,28,28,57,72,16,0.212400,0.787600,0.308611,0.261600,0.288606,4,20,8,3,0.289077,5.061503
1180,scene682_tx78_x85_y109_s100,scene682_tx78_x58_y109_s128,682,78,85,109,100,58,109,128,27,0,79,19,16,0.199600,0.800400,0.194444,0.228532,0.338677,4,20,9,6,0.307615,4.697845
1181,scene683_tx16_x139_y29_s100,scene683_tx16_x111_y1_s128,683,16,139,29,100,111,1,128,28,28,55,25,16,0.151200,0.848800,0.193889,0.197715,0.244709,4,18,10,8,0.104497,5.107968
1182,scene683_tx2_x124_y40_s100,scene683_tx2_x96_y38_s128,683,2,124,40,100,96,38,128,28,2,72,35,16,0.132400,0.867600,0.173333,0.147680,0.355740,4,15,12,6,0.114048,4.493329
1183,scene684_tx38_x45_y85_s100,scene684_tx38_x45_y85_s128,684,38,45,85,100,45,85,128,0,0,26,35,16,0.172200,0.827800,0.180000,0.211738,0.289779,4,21,12,9,0.092915,4.971577
1184,scene684_tx40_x87_y99_s100,scene684_tx40_x66_y95_s128,684,40,87,99,100,66,95,128,21,4,44,42,16,0.163600,0.836400,0.193611,0.184384,0.349022,4,20,13,8,0.092298,5.047112
1185,scene684_tx44_x96_y62_s100,scene684_tx44_x91_y62_s128,684,44,96,62,100,91,62,128,5,0,51,40,16,0.169600,0.830400,0.159167,0.201870,0.312500,4,21,11,7,0.249410,4.827805
1186,scene684_tx76_x73_y37_s100,scene684_tx76_x73_y32_s128,684,76,73,37,100,73,32,128,0,5,27,32,16,0.190400,0.809600,0.184444,0.202735,0.384979,4,21,16,8,0.103466,4.813846
1187,scene685_tx10_x60_y44_s100,scene685_tx10_x60_y39_s128,685,10,60,44,100,60,39,128,0,5,24,27,16,0.163000,0.837000,0.175278,0.169321,0.400000,3,17,5,2,0.309202,3.833566
1188,scene685_tx55_x92_y22_s100,scene685_tx55_x86_y22_s128,685,55,92,22,100,86,22,128,6,0,25,40,16,0.180600,0.819400,0.211944,0.212431,0.320598,4,16,7,3,0.374308,4.857118
1189,scene685_tx57_x134_y54_s100,scene685_tx57_x106_y47_s128,685,57,134,54,100,106,47,128,28,7,68,16,16,0.144800,0.855200,0.203611,0.175035,0.301796,4,17,9,6,0.356354,4.555861
1190,scene685_tx58_x97_y38_s100,scene685_tx58_x84_y27_s128,685,58,97,38,100,84,27,128,13,11,71,16,16,0.183000,0.817000,0.200000,0.220395,0.304372,4,19,8,3,0.275410,4.846885
1191,scene685_tx63_x48_y82_s100,scene685_tx63_x31_y67_s128,685,63,48,82,100,31,67,128,17,15,80,61,16,0.135600,0.864400,0.226944,0.199792,0.148968,4,12,4,3,0.371681,4.788502
1192,scene685_tx72_x43_y68_s100,scene685_tx72_x39_y40_s128,685,72,43,68,100,39,40,128,4,28,83,66,16,0.148600,0.851400,0.235000,0.175727,0.316958,4,12,5,2,0.339166,4.314246
1193,scene687_tx11_x90_y22_s100,scene687_tx11_x68_y20_s128,687,11,90,22,100,68,20,128,22,2,51,65,16,0.247000,0.753000,0.271944,0.291898,0.317409,4,22,9,3,0.444939,4.990664
1194,scene687_tx25_x89_y122_s100,scene687_tx25_x78_y122_s128,687,25,89,122,100,78,122,128,11,0,16,35,16,0.197700,0.802300,0.201111,0.219529,0.358624,4,18,8,1,0.292868,4.278168
1195,scene687_tx27_x143_y127_s100,scene687_tx27_x115_y110_s128,687,27,143,127,100,115,110,128,28,17,56,42,16,0.258600,0.741400,0.443333,0.346607,0.225831,4,21,8,3,0.455916,5.106677
1196,scene687_tx37_x120_y116_s100,scene687_tx37_x107_y88_s128,687,37,120,116,100,107,88,128,13,28,17,57,16,0.230800,0.769200,0.365278,0.301420,0.245667,4,19,9,3,0.437175,4.891742
1197,scene687_tx52_x102_y70_s100,scene687_tx52_x76_y47_s128,687,52,102,70,100,76,47,128,26,23,55,39,16,0.200100,0.799900,0.216389,0.243075,0.298351,4,19,8,4,0.378811,5.073049
1198,scene687_tx78_x133_y43_s100,scene687_tx78_x117_y15_s128,687,78,133,43,100,117,15,128,16,28,49,31,16,0.120100,0.879900,0.165278,0.153740,0.260616,4,21,14,9,0.115737,4.718622
1199,scene688_tx28_x67_y57_s100,scene688_tx28_x67_y57_s128,688,28,67,57,100,67,57,128,0,0,16,24,16,0.257800,0.742200,0.346667,0.314924,0.294414,4,22,12,6,0.268037,4.825469
1200,scene688_tx48_x60_y26_s100,scene688_tx48_x34_y19_s128,688,48,60,26,100,34,19,128,26,7,52,27,16,0.216400,0.783600,0.271944,0.272853,0.271719,4,21,11,4,0.319316,5.086553
1201,scene688_tx57_x113_y114_s100,scene688_tx57_x85_y104_s128,688,57,113,114,100,85,104,128,28,10,25,54,16,0.218800,0.781200,0.241944,0.229571,0.393967,4,18,8,1,0.276965,4.412637
1202,scene688_tx77_x143_y60_s100,scene688_tx77_x115_y32_s128,688,77,143,60,100,115,32,128,28,28,40,61,16,0.209100,0.790900,0.217500,0.287223,0.206600,4,19,5,3,0.406504,5.118227
1203,scene689_tx36_x121_y113_s100,scene689_tx36_x114_y113_s128,689,36,121,113,100,114,113,128,7,0,16,47,16,0.164200,0.835800,0.174167,0.172438,0.393423,3,15,8,3,0.345311,4.180849
1204,scene690_tx30_x28_y122_s100,scene690_tx30_x28_y110_s128,690,30,28,122,100,28,110,128,0,12,29,50,16,0.249900,0.750100,0.312778,0.303324,0.298920,4,21,12,7,0.212085,5.182420
1205,scene690_tx35_x75_y129_s100,scene690_tx35_x47_y119_s128,690,35,75,129,100,47,119,128,28,10,68,49,16,0.212400,0.787600,0.319167,0.310076,0.156780,4,21,11,9,0.210452,5.370458
1206,scene690_tx44_x103_y32_s100,scene690_tx44_x75_y16_s128,690,44,103,32,100,75,16,128,28,16,55,81,16,0.123100,0.876900,0.146111,0.143352,0.327376,4,15,8,4,0.319253,4.136518
1207,scene690_tx46_x55_y76_s100,scene690_tx46_x43_y74_s128,690,46,55,76,100,43,74,128,12,2,28,16,16,0.158400,0.841600,0.163056,0.164820,0.398990,4,17,8,3,0.282197,4.159642
1208,scene690_tx47_x76_y125_s100,scene690_tx47_x70_y124_s128,690,47,76,125,100,70,124,128,6,1,62,16,16,0.213000,0.787000,0.287500,0.291032,0.210798,4,19,12,8,0.209859,5.090169
1209,scene690_tx78_x28_y32_s100,scene690_tx78_x27_y29_s128,690,78,28,32,100,27,29,128,1,3,83,22,16,0.131700,0.868300,0.095556,0.139543,0.388003,4,17,11,5,0.154897,3.637021
1210,scene691_tx0_x29_y130_s100,scene691_tx0_x1_y113_s128,691,0,29,130,100,1,113,128,28,17,35,22,16,0.153900,0.846100,0.198611,0.175554,0.341131,3,11,4,1,0.546459,3.434342
1211,scene691_tx12_x121_y80_s100,scene691_tx12_x96_y80_s128,691,12,121,80,100,96,80,128,25,0,36,21,16,0.209400,0.790600,0.363611,0.291724,0.195320,4,12,3,1,0.648997,3.884185
1212,scene691_tx13_x120_y154_s100,scene691_tx13_x120_y126_s128,691,13,120,154,100,120,126,128,0,28,54,29,16,0.149700,0.850300,0.185833,0.174861,0.325317,3,11,4,1,0.511690,3.535388
1213,scene691_tx18_x122_y70_s100,scene691_tx18_x94_y55_s128,691,18,122,70,100,94,55,128,28,15,52,26,16,0.226300,0.773700,0.363056,0.292417,0.253646,4,14,4,1,0.600530,4.153815
1214,scene692_tx28_x100_y127_s100,scene692_tx28_x98_y118_s128,692,28,100,127,100,98,118,128,2,9,16,39,16,0.258500,0.741500,0.389722,0.319252,0.286654,4,22,9,4,0.553191,4.698143
1215,scene692_tx8_x140_y16_s100,scene692_tx8_x113_y2_s128,692,8,140,16,100,113,2,128,27,14,16,44,16,0.176300,0.823700,0.210278,0.211392,0.307431,3,13,3,1,0.568349,3.599283
1216,scene693_tx67_x74_y135_s100,scene693_tx67_x74_y107_s128,693,67,74,135,100,74,107,128,0,28,24,57,16,0.147900,0.852100,0.286944,0.250000,0.023665,3,11,2,2,0.617309,4.030358
1217,scene694_tx29_x74_y150_s100,scene694_tx29_x74_y123_s128,694,29,74,150,100,74,123,128,0,27,65,16,16,0.172900,0.827100,0.170833,0.183172,0.388086,4,21,14,8,0.120301,4.528979
1218,scene694_tx36_x114_y112_s100,scene694_tx36_x103_y88_s128,694,36,114,112,100,103,88,128,11,24,62,83,16,0.247000,0.753000,0.399167,0.325139,0.239676,4,19,11,7,0.575709,4.734251
1219,scene694_tx60_x62_y134_s100,scene694_tx60_x34_y119_s128,694,60,62,134,100,34,119,128,28,15,31,19,16,0.141200,0.858800,0.162778,0.146814,0.399433,4,18,13,8,0.126771,4.246837
1220,scene694_tx76_x114_y107_s100,scene694_tx76_x96_y79_s128,694,76,114,107,100,96,79,128,18,28,56,60,16,0.244800,0.755200,0.390000,0.331717,0.217320,4,18,9,7,0.603758,4.967833
1221,scene694_tx79_x108_y98_s100,scene694_tx79_x82_y70_s128,694,79,108,98,100,82,70,128,26,28,45,79,16,0.239000,0.761000,0.245278,0.284799,0.311715,4,17,9,7,0.602092,4.712059
1222,scene696_tx11_x22_y109_s100,scene696_tx11_x22_y109_s128,696,11,22,109,100,22,109,128,0,0,31,41,16,0.187100,0.812900,0.189444,0.208102,0.357563,4,21,13,7,0.243185,4.889273
1223,scene696_tx27_x13_y127_s100,scene696_tx27_x2_y127_s128,696,27,13,127,100,2,127,128,11,0,58,43,16,0.178900,0.821100,0.171111,0.186807,0.396870,4,22,15,8,0.118502,4.813832
1224,scene698_tx34_x103_y31_s100,scene698_tx34_x89_y3_s128,698,34,103,31,100,89,3,128,14,28,83,46,16,0.165800,0.834200,0.185556,0.183518,0.360676,4,13,5,1,0.274427,4.090768
1225,scene6_tx39_x77_y27_s100,scene6_tx39_x76_y23_s128,6,39,77,27,100,76,23,128,1,4,28,46,16,0.259900,0.740100,0.328611,0.311807,0.307041,4,24,16,8,0.138130,5.199234
1226,scene76_tx17_x78_y47_s100,scene76_tx17_x61_y44_s128,76,17,78,47,100,61,44,128,17,3,16,23,16,0.230800,0.769200,0.316667,0.240651,0.397747,4,17,6,1,0.563258,3.894438
1227,scene78_tx35_x109_y123_s100,scene78_tx35_x81_y98_s128,78,35,109,123,100,81,98,128,28,25,50,42,16,0.161400,0.838600,0.261667,0.212950,0.237918,4,15,9,5,0.265180,5.273383
1228,scene79_tx40_x15_y109_s100,scene79_tx40_x5_y91_s128,79,40,15,109,100,5,91,128,10,18,68,50,16,0.165600,0.834400,0.218889,0.234245,0.182971,4,13,7,5,0.275362,5.288609
1229,scene79_tx48_x18_y113_s100,scene79_tx48_x18_y106_s128,79,48,18,113,100,18,106,128,0,7,38,54,16,0.190400,0.809600,0.241389,0.250000,0.241597,4,14,8,5,0.239496,5.266538
1230,scene79_tx75_x18_y114_s100,scene79_tx75_x18_y114_s128,79,75,18,114,100,18,114,128,0,0,38,57,16,0.189900,0.810100,0.238333,0.247230,0.248025,4,14,8,5,0.240126,5.234256
1231,scene80_tx0_x137_y94_s100,scene80_tx0_x119_y85_s128,80,0,137,94,100,119,85,128,18,9,21,83,16,0.164400,0.835600,0.157222,0.171226,0.398418,4,17,6,2,0.244526,3.873672
1232,scene80_tx54_x112_y85_s100,scene80_tx54_x98_y77_s128,80,54,112,85,100,98,77,128,14,8,44,17,16,0.259800,0.740200,0.257778,0.297611,0.338337,4,15,5,2,0.540031,4.429301
1233,scene81_tx47_x36_y104_s100,scene81_tx47_x19_y88_s128,81,47,36,104,100,19,88,128,17,16,34,81,16,0.259100,0.740900,0.280278,0.269217,0.399846,4,16,13,4,0.279043,4.793047
1234,scene81_tx5_x62_y86_s100,scene81_tx5_x56_y58_s128,81,5,62,86,100,56,58,128,6,28,76,78,16,0.215000,0.785000,0.254722,0.266967,0.282791,4,16,10,6,0.331163,4.830605
1235,scene81_tx67_x124_y42_s100,scene81_tx67_x98_y15_s128,81,67,124,42,100,98,15,128,26,27,51,70,16,0.126700,0.873300,0.188056,0.133483,0.391476,4,9,5,2,0.541436,3.727749
1236,scene82_tx8_x72_y123_s100,scene82_tx8_x46_y95_s128,82,8,72,123,100,46,95,128,26,28,83,49,16,0.141500,0.858500,0.153056,0.170360,0.304594,4,16,9,6,0.207774,4.476117
1237,scene85_tx41_x93_y89_s100,scene85_tx41_x65_y89_s128,85,41,93,89,100,65,89,128,28,0,71,41,16,0.255300,0.744700,0.375833,0.311115,0.296122,4,13,4,1,0.448492,4.207677
1238,scene89_tx24_x151_y45_s100,scene89_tx24_x126_y31_s128,89,24,151,45,100,126,31,128,25,14,46,78,16,0.186800,0.813200,0.290833,0.278566,0.138651,3,13,4,1,0.698073,3.956020
1239,scene90_tx78_x64_y129_s100,scene90_tx78_x64_y121_s128,90,78,64,129,100,64,121,128,0,8,23,39,16,0.256800,0.743200,0.230833,0.285145,0.358645,4,20,15,9,0.141745,5.038056
1240,scene91_tx8_x32_y139_s100,scene91_tx8_x21_y111_s128,91,8,32,139,100,21,111,128,11,28,42,53,16,0.259900,0.740100,0.377778,0.329294,0.268180,4,16,4,1,0.464409,4.378882
1241,scene92_tx0_x79_y57_s100,scene92_tx0_x79_y29_s128,92,0,79,57,100,79,29,128,0,28,68,27,16,0.175300,0.824700,0.253056,0.233206,0.231603,4,13,3,1,0.586994,3.912449
1242,scene92_tx15_x70_y55_s100,scene92_tx15_x59_y27_s128,92,15,70,55,100,59,27,128,11,28,30,42,16,0.192700,0.807300,0.300833,0.252597,0.242865,4,16,6,1,0.533991,4.370638
1243,scene93_tx61_x41_y122_s100,scene93_tx61_x31_y106_s128,93,61,41,122,100,31,106,128,10,16,50,49,16,0.259200,0.740800,0.297500,0.272680,0.392361,3,14,7,2,0.233410,4.744431
1244,scene94_tx3_x138_y13_s100,scene94_tx3_x110_y13_s128,94,3,138,13,100,110,13,128,28,0,60,44,16,0.156900,0.843100,0.249722,0.249827,0.080306,4,12,2,2,0.574888,4.411567
1245,scene96_tx14_x56_y48_s100,scene96_tx14_x48_y29_s128,96,14,56,48,100,48,29,128,8,19,38,37,16,0.191800,0.808200,0.206389,0.259176,0.219499,4,16,4,2,0.354015,4.691321
1246,scene96_tx39_x88_y83_s100,scene96_tx39_x60_y83_s128,96,39,88,83,100,60,83,128,28,0,36,70,16,0.232200,0.767800,0.324167,0.335180,0.166236,4,17,4,2,0.387597,4.653013
1247,scene96_tx7_x63_y61_s100,scene96_tx7_x63_y33_s128,96,7,63,61,100,63,33,128,0,28,27,62,16,0.220000,0.780000,0.329444,0.290859,0.236364,4,17,4,1,0.375000,4.305530
1248,scene97_tx13_x95_y79_s100,scene97_tx13_x67_y74_s128,97,13,95,79,100,67,74,128,28,5,33,16,16,0.260000,0.740000,0.247222,0.280817,0.376154,4,14,7,2,0.236154,4.561410
1249,scene462_tx33_x14_y54_s100,RadioSeerClip100:scene462_tx33_x14_y54_s100,462,33,14,54,100,14,54,100,0,0,50,50,16,0.125800,0.874200,0.099167,0.132964,0.389507,3,11,4,2,0.419714,3.273743
1250,scene218_tx35_x62_y54_s100,RadioSeerClip100:scene218_tx35_x62_y54_s100,218,35,62,54,100,62,54,100,0,0,50,50,16,0.116300,0.883700,0.136389,0.136946,0.319862,4,16,3,1,0.678418,4.238666
1251,scene682_tx23_x62_y14_s100,RadioSeerClip100:scene682_tx23_x62_y14_s100,682,23,62,14,100,62,14,100,0,0,49,43,16,0.165200,0.834800,0.142222,0.114958,0.598063,4,15,9,4,0.460048,4.706847
1252,scene262_tx68_x54_y134_s100,RadioSeerClip100:scene262_tx68_x54_y134_s100,262,68,54,134,100,54,134,100,0,0,58,49,16,0.141500,0.858500,0.162778,0.125866,0.486219,4,17,8,3,0.206360,5.083286
